3.525024162138841177e-01,8.333333333333333703e-01,8.695652173913043237e-02,0.000000000000000000e+00,0.000000000000000000e+00
1.846213036920651751e+00,8.333333333333333703e-01,1.304347826086956486e-01,0.000000000000000000e+00,0.000000000000000000e+00
1.677919523838546922e-01,8.333333333333333703e-01,1.739130434782608647e-01,0.000000000000000000e+00,0.000000000000000000e+00
2.536983033291095868e+00,8.333333333333333703e-01,2.173913043478260809e-01,0.000000000000000000e+00,0.000000000000000000e+00
1.841786844955993541e+00,8.333333333333333703e-01,2.608695652173912971e-01,0.000000000000000000e+00,0.000000000000000000e+00
1.552713094552948814e+00,8.333333333333333703e-01,3.043478260869565410e-01,0.000000000000000000e+00,0.000000000000000000e+00
1.525126907183798952e+00,8.333333333333333703e-01,3.478260869565217295e-01,0.000000000000000000e+00,0.000000000000000000e+00
1.352099041570218318e+00,8.333333333333333703e-01,3.913043478260869734e-01,0.000000000000000000e+00,0.000000000000000000e+00
-1.024626036679741503e+00,8.333333333333333703e-01,4.347826086956521618e-01,0.000000000000000000e+00,0.000000000000000000e+00
-1.739627907153444619e+00,8.333333333333333703e-01,4.782608695652174058e-01,0.000000000000000000e+00,0.000000000000000000e+00
-2.480254161872782248e+00,8.333333333333333703e-01,5.217391304347825942e-01,0.000000000000000000e+00,0.000000000000000000e+00
-4.445973440543875554e+00,8.333333333333333703e-01,5.652173913043477826e-01,0.000000000000000000e+00,0.000000000000000000e+00
-5.565784858142846403e+00,8.333333333333333703e-01,6.086956521739130821e-01,0.000000000000000000e+00,0.000000000000000000e+00
-5.498851945633325577e+00,8.333333333333333703e-01,6.521739130434782705e-01,0.000000000000000000e+00,0.000000000000000000e+00
-6.574191674050014811e+00,8.333333333333333703e-01,6.956521739130434590e-01,0.000000000000000000e+00,0.000000000000000000e+00
-7.055821410729093301e+00,8.333333333333333703e-01,7.391304347826086474e-01,0.000000000000000000e+00,0.000000000000000000e+00
-5.691342694856382778e+00,8.333333333333333703e-01,7.826086956521739468e-01,0.000000000000000000e+00,0.000000000000000000e+00
-5.240282469500182394e+00,8.333333333333333703e-01,8.260869565217391353e-01,0.000000000000000000e+00,0.000000000000000000e+00
-3.307165067776572265e+00,8.333333333333333703e-01,8.695652173913043237e-01,0.000000000000000000e+00,0.000000000000000000e+00
-2.533276811732178224e+00,8.333333333333333703e-01,9.130434782608695121e-01,0.000000000000000000e+00,0.000000000000000000e+00
-1.617260292267395094e+00,8.333333333333333703e-01,9.565217391304348116e-01,0.000000000000000000e+00,0.000000000000000000e+00
-1.307157960279736519e+00,8.333333333333333703e-01,1.000000000000000000e+00,0.000000000000000000e+00,0.000000000000000000e+00
-1.089956574703737857e+00,1.000000000000000000e+00,0.000000000000000000e+00,0.000000000000000000e+00,0.000000000000000000e+00
7.914061993223451275e-01,1.000000000000000000e+00,4.347826086956521618e-02,0.000000000000000000e+00,0.000000000000000000e+00
4.948790451095666398e+00,1.000000000000000000e+00,8.695652173913043237e-02,0.000000000000000000e+00,0.000000000000000000e+00
5.776630729314706336e+00,1.000000000000000000e+00,1.304347826086956486e-01,0.000000000000000000e+00,0.000000000000000000e+00
7.554689798182245397e+00,1.000000000000000000e+00,1.739130434782608647e-01,0.000000000000000000e+00,0.000000000000000000e+00
8.447015127493473940e+00,1.000000000000000000e+00,2.173913043478260809e-01,0.000000000000000000e+00,0.000000000000000000e+00
7.524590429387677304e+00,1.000000000000000000e+00,2.608695652173912971e-01,0.000000000000000000e+00,0.000000000000000000e+00
7.387533839408034986e+00,1.000000000000000000e+00,3.043478260869565410e-01,0.000000000000000000e+00,0.000000000000000000e+00
6.959580116014661755e+00,1.000000000000000000e+00,3.478260869565217295e-01,0.000000000000000000e+00,0.000000000000000000e+00
5.883597534228886872e+00,1.000000000000000000e+00,3.913043478260869734e-01,0.000000000000000000e+00,0.000000000000000000e+00
5.884948676670242129e+00,1.000000000000000000e+00,4.347826086956521618e-01,0.000000000000000000e+00,0.000000000000000000e+00
6.800787327770800417e+00,1.000000000000000000e+00,4.782608695652174058e-01,0.000000000000000000e+00,0.000000000000000000e+00
5.307655660049159785e+00,1.000000000000000000e+00,5.217391304347825942e-01,0.000000000000000000e+00,0.000000000000000000e+00
3.564460677683700229e+00,1.000000000000000000e+00,5.652173913043477826e-01,0.000000000000000000e+00,0.000000000000000000e+00
2.527361992821385517e+00,1.000000000000000000e+00,6.086956521739130821e-01,0.000000000000000000e+00,0.000000000000000000e+00
2.704422549082376559e+00,1.000000000000000000e+00,6.521739130434782705e-01,0.000000000000000000e+00,0.000000000000000000e+00
1.392685562831104118e+00,1.000000000000000000e+00,6.956521739130434590e-01,0.000000000000000000e+00,0.000000000000000000e+00
1.875346954274926592e+00,1.000000000000000000e+00,7.391304347826086474e-01,0.000000000000000000e+00,0.000000000000000000e+00
1.514535291568036346e+00,1.000000000000000000e+00,7.826086956521739468e-01,0.000000000000000000e+00,0.000000000000000000e+00
2.472642198976395811e+00,1.000000000000000000e+00,8.260869565217391353e-01,0.000000000000000000e+00,0.000000000000000000e+00
2.016333534968310026e+00,1.000000000000000000e+00,8.695652173913043237e-01,0.000000000000000000e+00,0.000000000000000000e+00
3.285680054191340016e+00,1.000000000000000000e+00,9.130434782608695121e-01,0.000000000000000000e+00,0.000000000000000000e+00
6.234187637381503500e+00,1.000000000000000000e+00,9.565217391304348116e-01,0.000000000000000000e+00,0.000000000000000000e+00
8.170814873108550813e+00,1.000000000000000000e+00,1.000000000000000000e+00,0.000000000000000000e+00,0.000000000000000000e+00
8.649388644726370146e+00,0.000000000000000000e+00,0.000000000000000000e+00,0.000000000000000000e+00,0.000000000000000000e+00
1.166047309609073679e+01,0.000000000000000000e+00,4.347826086956521618e-02,0.000000000000000000e+00,0.000000000000000000e+00
1.222133444604982344e+01,0.000000000000000000e+00,8.695652173913043237e-02,0.000000000000000000e+00,0.000000000000000000e+00
1.430076586976217712e+01,0.000000000000000000e+00,1.304347826086956486e-01,0.000000000000000000e+00,0.000000000000000000e+00
1.468914818531337652e+01,0.000000000000000000e+00,1.739130434782608647e-01,0.000000000000000000e+00,0.000000000000000000e+00
1.511910784720810597e+01,0.000000000000000000e+00,2.173913043478260809e-01,0.000000000000000000e+00,0.000000000000000000e+00
1.692448014174883042e+01,0.000000000000000000e+00,2.608695652173912971e-01,0.000000000000000000e+00,0.000000000000000000e+00
1.621011847380682980e+01,0.000000000000000000e+00,3.043478260869565410e-01,0.000000000000000000e+00,0.000000000000000000e+00
1.545895839392833793e+01,0.000000000000000000e+00,3.478260869565217295e-01,0.000000000000000000e+00,0.000000000000000000e+00
1.425027058317133211e+01,0.000000000000000000e+00,3.913043478260869734e-01,0.000000000000000000e+00,0.000000000000000000e+00
1.494304176693567676e+01,0.000000000000000000e+00,4.347826086956521618e-01,0.000000000000000000e+00,0.000000000000000000e+00
1.565914940628225693e+01,0.000000000000000000e+00,4.782608695652174058e-01,0.000000000000000000e+00,0.000000000000000000e+00
1.162474626488725704e+01,0.000000000000000000e+00,5.217391304347825942e-01,0.000000000000000000e+00,0.000000000000000000e+00
1.296018323820329066e+01,0.000000000000000000e+00,5.652173913043477826e-01,0.000000000000000000e+00,0.000000000000000000e+00
1.142507209168466176e+01,0.000000000000000000e+00,6.086956521739130821e-01,0.000000000000000000e+00,0.000000000000000000e+00
1.145941901869412050e+01,0.000000000000000000e+00,6.521739130434782705e-01,0.000000000000000000e+00,0.000000000000000000e+00
1.051776474763068059e+01,0.000000000000000000e+00,6.956521739130434590e-01,0.000000000000000000e+00,0.000000000000000000e+00
1.009181859474830922e+01,0.000000000000000000e+00,7.391304347826086474e-01,0.000000000000000000e+00,0.000000000000000000e+00
9.030591553597597354e+00,0.000000000000000000e+00,7.826086956521739468e-01,0.000000000000000000e+00,0.000000000000000000e+00
9.219046592122584372e+00,0.000000000000000000e+00,8.260869565217391353e-01,0.000000000000000000e+00,0.000000000000000000e+00
1.199451660482933946e+01,0.000000000000000000e+00,8.695652173913043237e-01,0.000000000000000000e+00,0.000000000000000000e+00
1.266372725813548961e+01,0.000000000000000000e+00,9.130434782608695121e-01,0.000000000000000000e+00,0.000000000000000000e+00
1.406171434617747629e+01,0.000000000000000000e+00,9.565217391304348116e-01,0.000000000000000000e+00,0.000000000000000000e+00
1.530049428924258059e+01,0.000000000000000000e+00,1.000000000000000000e+00,0.000000000000000000e+00,0.000000000000000000e+00
1.866417186344598989e+01,1.666666666666666574e-01,0.000000000000000000e+00,0.000000000000000000e+00,0.000000000000000000e+00
1.931960348512978243e+01,1.666666666666666574e-01,4.347826086956521618e-02,0.000000000000000000e+00,0.000000000000000000e+00
1.965137977081890597e+01,1.666666666666666574e-01,8.695652173913043237e-02,0.000000000000000000e+00,0.000000000000000000e+00
2.172740146618932044e+01,1.666666666666666574e-01,1.304347826086956486e-01,0.000000000000000000e+00,0.000000000000000000e+00
2.191902837325273623e+01,1.666666666666666574e-01,1.739130434782608647e-01,0.000000000000000000e+00,0.000000000000000000e+00
2.329012425303589851e+01,1.666666666666666574e-01,2.173913043478260809e-01,0.000000000000000000e+00,0.000000000000000000e+00
2.159321445259188366e+01,1.666666666666666574e-01,2.608695652173912971e-01,0.000000000000000000e+00,0.000000000000000000e+00
2.153171658076042760e+01,1.666666666666666574e-01,3.043478260869565410e-01,0.000000000000000000e+00,0.000000000000000000e+00
2.116416220840484286e+01,1.666666666666666574e-01,3.478260869565217295e-01,0.000000000000000000e+00,0.000000000000000000e+00
2.097414394529350901e+01,1.666666666666666574e-01,3.913043478260869734e-01,0.000000000000000000e+00,0.000000000000000000e+00
2.049179299557124523e+01,1.666666666666666574e-01,4.347826086956521618e-01,0.000000000000000000e+00,0.000000000000000000e+00
1.955905568927664362e+01,1.666666666666666574e-01,4.782608695652174058e-01,0.000000000000000000e+00,0.000000000000000000e+00
1.703115329937582700e+01,1.666666666666666574e-01,5.217391304347825942e-01,0.000000000000000000e+00,0.000000000000000000e+00
1.656896619180321295e+01,1.666666666666666574e-01,5.652173913043477826e-01,0.000000000000000000e+00,0.000000000000000000e+00
1.408911923635545627e+01,1.666666666666666574e-01,6.086956521739130821e-01,0.000000000000000000e+00,0.000000000000000000e+00
1.380587484668495790e+01,1.666666666666666574e-01,6.521739130434782705e-01,0.000000000000000000e+00,0.000000000000000000e+00
1.360114008550926634e+01,1.666666666666666574e-01,6.956521739130434590e-01,0.000000000000000000e+00,0.000000000000000000e+00
1.310907646947548599e+01,1.666666666666666574e-01,7.391304347826086474e-01,0.000000000000000000e+00,0.000000000000000000e+00
1.266047941113748898e+01,1.666666666666666574e-01,7.826086956521739468e-01,0.000000000000000000e+00,0.000000000000000000e+00
1.368607297351471885e+01,1.666666666666666574e-01,8.260869565217391353e-01,0.000000000000000000e+00,0.000000000000000000e+00
1.484516527283669696e+01,1.666666666666666574e-01,8.695652173913043237e-01,0.000000000000000000e+00,0.000000000000000000e+00
1.494877069023701566e+01,1.666666666666666574e-01,9.130434782608695121e-01,0.000000000000000000e+00,0.000000000000000000e+00
1.585265490122286991e+01,1.666666666666666574e-01,9.565217391304348116e-01,0.000000000000000000e+00,0.000000000000000000e+00
1.593188231100924490e+01,1.666666666666666574e-01,1.000000000000000000e+00,0.000000000000000000e+00,0.000000000000000000e+00
1.646742168488448854e+01,3.333333333333333148e-01,0.000000000000000000e+00,0.000000000000000000e+00,0.000000000000000000e+00
1.844936534966588937e+01,3.333333333333333148e-01,4.347826086956521618e-02,0.000000000000000000e+00,0.000000000000000000e+00
2.028184260359740065e+01,3.333333333333333148e-01,8.695652173913043237e-02,0.000000000000000000e+00,0.000000000000000000e+00
2.076099551196908521e+01,3.333333333333333148e-01,1.304347826086956486e-01,0.000000000000000000e+00,0.000000000000000000e+00
2.101627839721519564e+01,3.333333333333333148e-01,1.739130434782608647e-01,0.000000000000000000e+00,0.000000000000000000e+00
2.121627429798611786e+01,3.333333333333333148e-01,2.173913043478260809e-01,0.000000000000000000e+00,0.000000000000000000e+00
2.224675786963124580e+01,3.333333333333333148e-01,2.608695652173912971e-01,0.000000000000000000e+00,0.000000000000000000e+00
2.169947604848055889e+01,3.333333333333333148e-01,3.043478260869565410e-01,0.000000000000000000e+00,0.000000000000000000e+00
2.008730380531729409e+01,3.333333333333333148e-01,3.478260869565217295e-01,0.000000000000000000e+00,0.000000000000000000e+00
1.784153976538565445e+01,3.333333333333333148e-01,3.913043478260869734e-01,0.000000000000000000e+00,0.000000000000000000e+00
1.740261679507808878e+01,3.333333333333333148e-01,4.347826086956521618e-01,0.000000000000000000e+00,0.000000000000000000e+00
1.580770936426647744e+01,3.333333333333333148e-01,4.782608695652174058e-01,0.000000000000000000e+00,0.000000000000000000e+00
1.435016082391670977e+01,3.333333333333333148e-01,5.217391304347825942e-01,0.000000000000000000e+00,0.000000000000000000e+00
1.329450649812421581e+01,3.333333333333333148e-01,5.652173913043477826e-01,0.000000000000000000e+00,0.000000000000000000e+00
1.193289323777976918e+01,3.333333333333333148e-01,6.086956521739130821e-01,0.000000000000000000e+00,0.000000000000000000e+00
1.088053601273706938e+01,3.333333333333333148e-01,6.521739130434782705e-01,0.000000000000000000e+00,0.000000000000000000e+00
9.344066697540764466e+00,3.333333333333333148e-01,6.956521739130434590e-01,0.000000000000000000e+00,0.000000000000000000e+00
9.179481891968510610e+00,3.333333333333333148e-01,7.391304347826086474e-01,0.000000000000000000e+00,0.000000000000000000e+00
8.086601383480056526e+00,3.333333333333333148e-01,7.826086956521739468e-01,0.000000000000000000e+00,0.000000000000000000e+00
5.709327604650368926e+00,3.333333333333333148e-01,8.260869565217391353e-01,0.000000000000000000e+00,0.000000000000000000e+00
5.250237609598068289e+00,3.333333333333333148e-01,8.695652173913043237e-01,0.000000000000000000e+00,0.000000000000000000e+00
7.639650672517053209e+00,3.333333333333333148e-01,9.130434782608695121e-01,0.000000000000000000e+00,0.000000000000000000e+00
1.007453189217531708e+01,3.333333333333333148e-01,9.565217391304348116e-01,0.000000000000000000e+00,0.000000000000000000e+00
1.050502141593423566e+01,3.333333333333333148e-01,1.000000000000000000e+00,0.000000000000000000e+00,0.000000000000000000e+00
1.117387206312088388e+01,5.000000000000000000e-01,0.000000000000000000e+00,0.000000000000000000e+00,0.000000000000000000e+00
1.233252608543872952e+01,5.000000000000000000e-01,4.347826086956521618e-02,0.000000000000000000e+00,0.000000000000000000e+00
1.287234801861275635e+01,5.000000000000000000e-01,8.695652173913043237e-02,0.000000000000000000e+00,0.000000000000000000e+00
1.176999336231097537e+01,5.000000000000000000e-01,1.304347826086956486e-01,0.000000000000000000e+00,0.000000000000000000e+00
1.311645242369218778e+01,5.000000000000000000e-01,1.739130434782608647e-01,0.000000000000000000e+00,0.000000000000000000e+00
1.352424259077337787e+01,5.000000000000000000e-01,2.173913043478260809e-01,0.000000000000000000e+00,0.000000000000000000e+00
1.294413999984056396e+01,5.000000000000000000e-01,2.608695652173912971e-01,0.000000000000000000e+00,0.000000000000000000e+00
1.355619723899093287e+01,5.000000000000000000e-01,3.043478260869565410e-01,0.000000000000000000e+00,0.000000000000000000e+00
1.238279048408704952e+01,5.000000000000000000e-01,3.478260869565217295e-01,0.000000000000000000e+00,0.000000000000000000e+00
1.135562367174458842e+01,5.000000000000000000e-01,3.913043478260869734e-01,0.000000000000000000e+00,0.000000000000000000e+00
1.074092823586515877e+01,5.000000000000000000e-01,4.347826086956521618e-01,0.000000000000000000e+00,0.000000000000000000e+00
7.799841921392502542e+00,5.000000000000000000e-01,4.782608695652174058e-01,0.000000000000000000e+00,0.000000000000000000e+00
7.516530865013688611e+00,5.000000000000000000e-01,5.217391304347825942e-01,0.000000000000000000e+00,0.000000000000000000e+00
5.244126708449950769e+00,5.000000000000000000e-01,5.652173913043477826e-01,0.000000000000000000e+00,0.000000000000000000e+00
3.961999545294844438e+00,5.000000000000000000e-01,6.086956521739130821e-01,0.000000000000000000e+00,0.000000000000000000e+00
4.155858302231011159e+00,5.000000000000000000e-01,6.521739130434782705e-01,0.000000000000000000e+00,0.000000000000000000e+00
1.994208577104596092e+00,5.000000000000000000e-01,6.956521739130434590e-01,0.000000000000000000e+00,0.000000000000000000e+00
7.446434859930186612e-01,5.000000000000000000e-01,7.391304347826086474e-01,0.000000000000000000e+00,0.000000000000000000e+00
-1.179325146781285749e+00,5.000000000000000000e-01,7.826086956521739468e-01,0.000000000000000000e+00,0.000000000000000000e+00
-1.328844450675155109e+00,5.000000000000000000e-01,8.260869565217391353e-01,0.000000000000000000e+00,0.000000000000000000e+00
-5.389487110340840381e-02,5.000000000000000000e-01,8.695652173913043237e-01,0.000000000000000000e+00,0.000000000000000000e+00
-3.763661851746027409e-01,5.000000000000000000e-01,9.130434782608695121e-01,0.000000000000000000e+00,0.000000000000000000e+00
1.785195868536904928e+00,5.000000000000000000e-01,9.565217391304348116e-01,0.000000000000000000e+00,0.000000000000000000e+00
1.459735414347369531e+00,5.000000000000000000e-01,1.000000000000000000e+00,0.000000000000000000e+00,0.000000000000000000e+00
1.331846067383056997e+00,6.666666666666666297e-01,0.000000000000000000e+00,0.000000000000000000e+00,0.000000000000000000e+00
3.397535305833644159e+00,6.666666666666666297e-01,4.347826086956521618e-02,0.000000000000000000e+00,0.000000000000000000e+00
4.130440953783215186e+00,6.666666666666666297e-01,8.695652173913043237e-02,0.000000000000000000e+00,0.000000000000000000e+00
3.965195500452559418e+00,6.666666666666666297e-01,1.304347826086956486e-01,0.000000000000000000e+00,0.000000000000000000e+00
4.677523457439261456e+00,6.666666666666666297e-01,1.739130434782608647e-01,0.000000000000000000e+00,0.000000000000000000e+00
5.027664512917196404e+00,6.666666666666666297e-01,2.173913043478260809e-01,0.000000000000000000e+00,0.000000000000000000e+00
4.301807993914268380e+00,6.666666666666666297e-01,2.608695652173912971e-01,0.000000000000000000e+00,0.000000000000000000e+00
4.600082175973474463e+00,6.666666666666666297e-01,3.043478260869565410e-01,0.000000000000000000e+00,0.000000000000000000e+00
4.581938312459787888e+00,6.666666666666666297e-01,3.478260869565217295e-01,0.000000000000000000e+00,0.000000000000000000e+00
2.207195448028428153e+00,6.666666666666666297e-01,3.913043478260869734e-01,0.000000000000000000e+00,0.000000000000000000e+00
2.255183826614188369e+00,6.666666666666666297e-01,4.347826086956521618e-01,0.000000000000000000e+00,0.000000000000000000e+00
1.280782479910092420e+00,6.666666666666666297e-01,4.782608695652174058e-01,0.000000000000000000e+00,0.000000000000000000e+00
-1.087208850625706047e+00,6.666666666666666297e-01,5.217391304347825942e-01,0.000000000000000000e+00,0.000000000000000000e+00
-3.216191659909569012e+00,6.666666666666666297e-01,5.652173913043477826e-01,0.000000000000000000e+00,0.000000000000000000e+00
-4.851236311738976958e+00,6.666666666666666297e-01,6.086956521739130821e-01,0.000000000000000000e+00,0.000000000000000000e+00
-6.297524558337163292e+00,6.666666666666666297e-01,6.521739130434782705e-01,0.000000000000000000e+00,0.000000000000000000e+00
-7.158817508790837003e+00,6.666666666666666297e-01,6.956521739130434590e-01,0.000000000000000000e+00,0.000000000000000000e+00
-9.354197319532278954e+00,6.666666666666666297e-01,7.391304347826086474e-01,0.000000000000000000e+00,0.000000000000000000e+00
-8.472308334200514324e+00,6.666666666666666297e-01,7.826086956521739468e-01,0.000000000000000000e+00,0.000000000000000000e+00
-8.172856953515189815e+00,6.666666666666666297e-01,8.260869565217391353e-01,0.000000000000000000e+00,0.000000000000000000e+00
-7.998262030002954326e+00,6.666666666666666297e-01,8.695652173913043237e-01,0.000000000000000000e+00,0.000000000000000000e+00
-8.537454930249161578e+00,6.666666666666666297e-01,9.130434782608695121e-01,0.000000000000000000e+00,0.000000000000000000e+00
-6.900845961093270198e+00,6.666666666666666297e-01,9.565217391304348116e-01,0.000000000000000000e+00,0.000000000000000000e+00
-4.740626235233518670e+00,6.666666666666666297e-01,1.000000000000000000e+00,0.000000000000000000e+00,0.000000000000000000e+00
-3.012068563365710716e+00,8.333333333333333703e-01,0.000000000000000000e+00,0.000000000000000000e+00,0.000000000000000000e+00
-2.019769198760418494e+00,8.333333333333333703e-01,4.347826086956521618e-02,0.000000000000000000e+00,0.000000000000000000e+00
-1.740363237591238565e+00,8.333333333333333703e-01,8.695652173913043237e-02,0.000000000000000000e+00,0.000000000000000000e+00
-2.301726767529776563e+00,8.333333333333333703e-01,1.304347826086956486e-01,0.000000000000000000e+00,0.000000000000000000e+00
-1.609747628362744321e-01,8.333333333333333703e-01,1.739130434782608647e-01,0.000000000000000000e+00,0.000000000000000000e+00
-4.752879253106904178e-01,8.333333333333333703e-01,2.173913043478260809e-01,0.000000000000000000e+00,0.000000000000000000e+00
1.084355706247088769e+00,8.333333333333333703e-01,2.608695652173912971e-01,0.000000000000000000e+00,0.000000000000000000e+00
-6.355736420948715493e-02,8.333333333333333703e-01,3.043478260869565410e-01,0.000000000000000000e+00,0.000000000000000000e+00
-2.543506923594061053e+00,8.333333333333333703e-01,3.478260869565217295e-01,0.000000000000000000e+00,0.000000000000000000e+00
-4.709497249350207859e+00,8.333333333333333703e-01,3.913043478260869734e-01,0.000000000000000000e+00,0.000000000000000000e+00
-2.650486019562031004e+00,8.333333333333333703e-01,4.347826086956521618e-01,0.000000000000000000e+00,0.000000000000000000e+00
-5.350712180213772484e+00,8.333333333333333703e-01,4.782608695652174058e-01,0.000000000000000000e+00,0.000000000000000000e+00
-6.509565707600353690e+00,8.333333333333333703e-01,5.217391304347825942e-01,0.000000000000000000e+00,0.000000000000000000e+00
-6.775447536862255760e+00,8.333333333333333703e-01,5.652173913043477826e-01,0.000000000000000000e+00,0.000000000000000000e+00
-9.176106644765280151e+00,8.333333333333333703e-01,6.086956521739130821e-01,0.000000000000000000e+00,0.000000000000000000e+00
-1.100472238932665547e+01,8.333333333333333703e-01,6.521739130434782705e-01,0.000000000000000000e+00,0.000000000000000000e+00
-1.088100416782793367e+01,8.333333333333333703e-01,6.956521739130434590e-01,0.000000000000000000e+00,0.000000000000000000e+00
-1.008122307948213248e+01,8.333333333333333703e-01,7.391304347826086474e-01,0.000000000000000000e+00,0.000000000000000000e+00
-8.615292310191177805e+00,8.333333333333333703e-01,7.826086956521739468e-01,0.000000000000000000e+00,0.000000000000000000e+00
-1.065657188984405757e+01,8.333333333333333703e-01,8.260869565217391353e-01,0.000000000000000000e+00,0.000000000000000000e+00
-9.067498631442397539e+00,8.333333333333333703e-01,8.695652173913043237e-01,0.000000000000000000e+00,0.000000000000000000e+00
-8.821871504939004183e+00,8.333333333333333703e-01,9.130434782608695121e-01,0.000000000000000000e+00,0.000000000000000000e+00
-8.762773008448856871e+00,8.333333333333333703e-01,9.565217391304348116e-01,0.000000000000000000e+00,0.000000000000000000e+00
-5.603292850180983997e+00,8.333333333333333703e-01,1.000000000000000000e+00,0.000000000000000000e+00,0.000000000000000000e+00
-4.355004719745858566e+00,1.000000000000000000e+00,0.000000000000000000e+00,0.000000000000000000e+00,0.000000000000000000e+00
-3.060135059421424053e+00,1.000000000000000000e+00,4.347826086956521618e-02,0.000000000000000000e+00,0.000000000000000000e+00
-1.324301952131085702e+00,1.000000000000000000e+00,8.695652173913043237e-02,0.000000000000000000e+00,0.000000000000000000e+00
4.918251265788385340e-01,1.000000000000000000e+00,1.304347826086956486e-01,0.000000000000000000e+00,0.000000000000000000e+00
1.477638976937373227e+00,1.000000000000000000e+00,1.739130434782608647e-01,0.000000000000000000e+00,0.000000000000000000e+00
1.947038457560731350e+00,1.000000000000000000e+00,2.173913043478260809e-01,0.000000000000000000e+00,0.000000000000000000e+00
2.213283157664261314e+00,1.000000000000000000e+00,2.608695652173912971e-01,0.000000000000000000e+00,0.000000000000000000e+00
3.569353493500988073e+00,1.000000000000000000e+00,3.043478260869565410e-01,0.000000000000000000e+00,0.000000000000000000e+00
3.174462290414729715e+00,1.000000000000000000e+00,3.478260869565217295e-01,0.000000000000000000e+00,0.000000000000000000e+00
2.247251236619892012e+00,1.000000000000000000e+00,3.913043478260869734e-01,0.000000000000000000e+00,0.000000000000000000e+00
1.442819200184058293e+00,1.000000000000000000e+00,4.347826086956521618e-01,0.000000000000000000e+00,0.000000000000000000e+00
2.787558427217480261e-01,1.000000000000000000e+00,4.782608695652174058e-01,0.000000000000000000e+00,0.000000000000000000e+00
-5.916580045978540037e-01,1.000000000000000000e+00,5.217391304347825942e-01,0.000000000000000000e+00,0.000000000000000000e+00
-2.739569765698943282e+00,1.000000000000000000e+00,5.652173913043477826e-01,0.000000000000000000e+00,0.000000000000000000e+00
-2.326957642921400282e+00,1.000000000000000000e+00,6.086956521739130821e-01,0.000000000000000000e+00,0.000000000000000000e+00
-2.301685640516737852e+00,1.000000000000000000e+00,6.521739130434782705e-01,0.000000000000000000e+00,0.000000000000000000e+00
-5.009830336876102130e+00,1.000000000000000000e+00,6.956521739130434590e-01,0.000000000000000000e+00,0.000000000000000000e+00
-5.598119801097784176e+00,1.000000000000000000e+00,7.391304347826086474e-01,0.000000000000000000e+00,0.000000000000000000e+00
-5.336440649872312036e+00,1.000000000000000000e+00,7.826086956521739468e-01,0.000000000000000000e+00,0.000000000000000000e+00
-4.861763168984622574e+00,1.000000000000000000e+00,8.260869565217391353e-01,0.000000000000000000e+00,0.000000000000000000e+00
-3.594163397058283582e+00,1.000000000000000000e+00,8.695652173913043237e-01,0.000000000000000000e+00,0.000000000000000000e+00
-1.460195348686989636e+00,1.000000000000000000e+00,9.130434782608695121e-01,0.000000000000000000e+00,0.000000000000000000e+00
-6.030598599783101310e-01,1.000000000000000000e+00,9.565217391304348116e-01,0.000000000000000000e+00,0.000000000000000000e+00
2.124557256929105797e+00,1.000000000000000000e+00,1.000000000000000000e+00,0.000000000000000000e+00,0.000000000000000000e+00
2.342634709704696672e+00,0.000000000000000000e+00,0.000000000000000000e+00,0.000000000000000000e+00,0.000000000000000000e+00
2.808443470264977204e+00,0.000000000000000000e+00,4.347826086956521618e-02,0.000000000000000000e+00,0.000000000000000000e+00
4.162834101468347647e+00,0.000000000000000000e+00,8.695652173913043237e-02,0.000000000000000000e+00,0.000000000000000000e+00
6.984725452248271793e+00,0.000000000000000000e+00,1.304347826086956486e-01,0.000000000000000000e+00,0.000000000000000000e+00
7.729682783594791218e+00,0.000000000000000000e+00,1.739130434782608647e-01,0.000000000000000000e+00,0.000000000000000000e+00
8.380662782292144897e+00,0.000000000000000000e+00,2.173913043478260809e-01,0.000000000000000000e+00,0.000000000000000000e+00
9.663761888475333350e+00,0.000000000000000000e+00,2.608695652173912971e-01,0.000000000000000000e+00,0.000000000000000000e+00
9.431241533234846486e+00,0.000000000000000000e+00,3.043478260869565410e-01,0.000000000000000000e+00,0.000000000000000000e+00
7.442975771164872079e+00,0.000000000000000000e+00,3.478260869565217295e-01,0.000000000000000000e+00,0.000000000000000000e+00
8.316599723794899646e+00,0.000000000000000000e+00,3.913043478260869734e-01,0.000000000000000000e+00,0.000000000000000000e+00
6.841408091600401420e+00,0.000000000000000000e+00,4.347826086956521618e-01,0.000000000000000000e+00,0.000000000000000000e+00
5.510923620037738502e+00,0.000000000000000000e+00,4.782608695652174058e-01,0.000000000000000000e+00,0.000000000000000000e+00
4.302631916441264970e+00,0.000000000000000000e+00,5.217391304347825942e-01,0.000000000000000000e+00,0.000000000000000000e+00
1.811151551989216735e+00,0.000000000000000000e+00,5.652173913043477826e-01,0.000000000000000000e+00,0.000000000000000000e+00
2.265558210946437168e+00,0.000000000000000000e+00,6.086956521739130821e-01,0.000000000000000000e+00,0.000000000000000000e+00
1.721517941440674493e+00,0.000000000000000000e+00,6.521739130434782705e-01,0.000000000000000000e+00,0.000000000000000000e+00
1.227507379184673120e+00,0.000000000000000000e+00,6.956521739130434590e-01,0.000000000000000000e+00,0.000000000000000000e+00
1.382934711207545853e+00,0.000000000000000000e+00,7.391304347826086474e-01,0.000000000000000000e+00,0.000000000000000000e+00
-3.316291960022343943e-01,0.000000000000000000e+00,7.826086956521739468e-01,0.000000000000000000e+00,0.000000000000000000e+00
1.099798284283086236e+00,0.000000000000000000e+00,8.260869565217391353e-01,0.000000000000000000e+00,0.000000000000000000e+00
2.168436691534725291e+00,0.000000000000000000e+00,8.695652173913043237e-01,0.000000000000000000e+00,0.000000000000000000e+00
4.197003832817843616e+00,0.000000000000000000e+00,9.130434782608695121e-01,0.000000000000000000e+00,0.000000000000000000e+00
5.388774195869562966e+00,0.000000000000000000e+00,9.565217391304348116e-01,0.000000000000000000e+00,0.000000000000000000e+00
5.459736874135873386e+00,0.000000000000000000e+00,1.000000000000000000e+00,0.000000000000000000e+00,0.000000000000000000e+00
7.449946898021593711e+00,1.666666666666666574e-01,0.000000000000000000e+00,0.000000000000000000e+00,0.000000000000000000e+00
8.939097357909837172e+00,1.666666666666666574e-01,4.347826086956521618e-02,0.000000000000000000e+00,0.000000000000000000e+00
1.004110491220325763e+01,1.666666666666666574e-01,8.695652173913043237e-02,0.000000000000000000e+00,0.000000000000000000e+00
1.207469086441050088e+01,1.666666666666666574e-01,1.304347826086956486e-01,0.000000000000000000e+00,0.000000000000000000e+00
1.398869406270678972e+01,1.666666666666666574e-01,1.739130434782608647e-01,0.000000000000000000e+00,0.000000000000000000e+00
1.347827551402178514e+01,1.666666666666666574e-01,2.173913043478260809e-01,0.000000000000000000e+00,0.000000000000000000e+00
1.402247223822186584e+01,1.666666666666666574e-01,2.608695652173912971e-01,0.000000000000000000e+00,0.000000000000000000e+00
1.313016337663567334e+01,1.666666666666666574e-01,3.043478260869565410e-01,0.000000000000000000e+00,0.000000000000000000e+00
1.272345585253705913e+01,1.666666666666666574e-01,3.478260869565217295e-01,0.000000000000000000e+00,0.000000000000000000e+00
1.208827738859345047e+01,1.666666666666666574e-01,3.913043478260869734e-01,0.000000000000000000e+00,0.000000000000000000e+00
9.647813085405273270e+00,1.666666666666666574e-01,4.347826086956521618e-01,0.000000000000000000e+00,0.000000000000000000e+00
8.112763555214693056e+00,1.666666666666666574e-01,4.782608695652174058e-01,0.000000000000000000e+00,0.000000000000000000e+00
6.935220288462618399e+00,1.666666666666666574e-01,5.217391304347825942e-01,0.000000000000000000e+00,0.000000000000000000e+00
6.194271116983093073e+00,1.666666666666666574e-01,5.652173913043477826e-01,0.000000000000000000e+00,0.000000000000000000e+00
6.078013557788569443e+00,1.666666666666666574e-01,6.086956521739130821e-01,0.000000000000000000e+00,0.000000000000000000e+00
3.541997306711297533e+00,1.666666666666666574e-01,6.521739130434782705e-01,0.000000000000000000e+00,0.000000000000000000e+00
3.338829870982574555e+00,1.666666666666666574e-01,6.956521739130434590e-01,0.000000000000000000e+00,0.000000000000000000e+00
4.344826006881881142e+00,1.666666666666666574e-01,7.391304347826086474e-01,0.000000000000000000e+00,0.000000000000000000e+00
4.331448445280388526e+00,1.666666666666666574e-01,7.826086956521739468e-01,0.000000000000000000e+00,0.000000000000000000e+00
3.198952041567174831e+00,1.666666666666666574e-01,8.260869565217391353e-01,0.000000000000000000e+00,0.000000000000000000e+00
3.516703776160331252e+00,1.666666666666666574e-01,8.695652173913043237e-01,0.000000000000000000e+00,0.000000000000000000e+00
4.002559153959382776e+00,1.666666666666666574e-01,9.130434782608695121e-01,0.000000000000000000e+00,0.000000000000000000e+00
5.680096868697680712e+00,1.666666666666666574e-01,9.565217391304348116e-01,0.000000000000000000e+00,0.000000000000000000e+00
6.939010352163945683e+00,1.666666666666666574e-01,1.000000000000000000e+00,0.000000000000000000e+00,0.000000000000000000e+00
8.803311623828811605e+00,3.333333333333333148e-01,0.000000000000000000e+00,0.000000000000000000e+00,0.000000000000000000e+00
8.877803566159371940e+00,3.333333333333333148e-01,4.347826086956521618e-02,0.000000000000000000e+00,0.000000000000000000e+00
9.084805175488359197e+00,3.333333333333333148e-01,8.695652173913043237e-02,0.000000000000000000e+00,0.000000000000000000e+00
1.108532657872692617e+01,3.333333333333333148e-01,1.304347826086956486e-01,0.000000000000000000e+00,0.000000000000000000e+00
1.205894439914699134e+01,3.333333333333333148e-01,1.739130434782608647e-01,0.000000000000000000e+00,0.000000000000000000e+00
1.220085602210719244e+01,3.333333333333333148e-01,2.173913043478260809e-01,0.000000000000000000e+00,0.000000000000000000e+00
1.338655573871961657e+01,3.333333333333333148e-01,2.608695652173912971e-01,0.000000000000000000e+00,0.000000000000000000e+00
1.291303472864798429e+01,3.333333333333333148e-01,3.043478260869565410e-01,0.000000000000000000e+00,0.000000000000000000e+00
1.149459162247373456e+01,3.333333333333333148e-01,3.478260869565217295e-01,0.000000000000000000e+00,0.000000000000000000e+00
1.046315125374903232e+01,3.333333333333333148e-01,3.913043478260869734e-01,0.000000000000000000e+00,0.000000000000000000e+00
8.349204976771762432e+00,3.333333333333333148e-01,4.347826086956521618e-01,0.000000000000000000e+00,0.000000000000000000e+00
6.863599207025889548e+00,3.333333333333333148e-01,4.782608695652174058e-01,0.000000000000000000e+00,0.000000000000000000e+00
4.281124582412155100e+00,3.333333333333333148e-01,5.217391304347825942e-01,0.000000000000000000e+00,0.000000000000000000e+00
3.139058904093268154e+00,3.333333333333333148e-01,5.652173913043477826e-01,0.000000000000000000e+00,0.000000000000000000e+00
7.138573983314697724e-01,3.333333333333333148e-01,6.086956521739130821e-01,0.000000000000000000e+00,0.000000000000000000e+00
-2.688639013504900976e-02,3.333333333333333148e-01,6.521739130434782705e-01,0.000000000000000000e+00,0.000000000000000000e+00
-3.555313012253479066e+00,3.333333333333333148e-01,6.956521739130434590e-01,0.000000000000000000e+00,0.000000000000000000e+00
-4.009781442184684686e+00,3.333333333333333148e-01,7.391304347826086474e-01,0.000000000000000000e+00,0.000000000000000000e+00
-4.010085690128157410e+00,3.333333333333333148e-01,7.826086956521739468e-01,0.000000000000000000e+00,0.000000000000000000e+00
-5.217491472475774827e+00,3.333333333333333148e-01,8.260869565217391353e-01,0.000000000000000000e+00,0.000000000000000000e+00
-2.483140447624320402e+00,3.333333333333333148e-01,8.695652173913043237e-01,0.000000000000000000e+00,0.000000000000000000e+00
-9.910198981441851185e-01,3.333333333333333148e-01,9.130434782608695121e-01,0.000000000000000000e+00,0.000000000000000000e+00
-7.356444143655392898e-01,3.333333333333333148e-01,9.565217391304348116e-01,0.000000000000000000e+00,0.000000000000000000e+00
-6.914520212800621124e-01,3.333333333333333148e-01,1.000000000000000000e+00,0.000000000000000000e+00,0.000000000000000000e+00
1.914700003507755266e+00,5.000000000000000000e-01,0.000000000000000000e+00,0.000000000000000000e+00,0.000000000000000000e+00
1.878810118212362879e+00,5.000000000000000000e-01,4.347826086956521618e-02,0.000000000000000000e+00,0.000000000000000000e+00
2.599889121624360477e+00,5.000000000000000000e-01,8.695652173913043237e-02,0.000000000000000000e+00,0.000000000000000000e+00
3.232959600817300494e+00,5.000000000000000000e-01,1.304347826086956486e-01,0.000000000000000000e+00,0.000000000000000000e+00
3.178010665425953007e+00,5.000000000000000000e-01,1.739130434782608647e-01,0.000000000000000000e+00,0.000000000000000000e+00
3.558432086320923116e+00,5.000000000000000000e-01,2.173913043478260809e-01,0.000000000000000000e+00,0.000000000000000000e+00
3.266596720886679961e+00,5.000000000000000000e-01,2.608695652173912971e-01,0.000000000000000000e+00,0.000000000000000000e+00
3.468545305726424388e+00,5.000000000000000000e-01,3.043478260869565410e-01,0.000000000000000000e+00,0.000000000000000000e+00
3.332967408656446473e+00,5.000000000000000000e-01,3.478260869565217295e-01,0.000000000000000000e+00,0.000000000000000000e+00
2.072499842790473501e+00,5.000000000000000000e-01,3.913043478260869734e-01,0.000000000000000000e+00,0.000000000000000000e+00
-2.354935341087087242e+00,5.000000000000000000e-01,4.347826086956521618e-01,0.000000000000000000e+00,0.000000000000000000e+00
-1.706640541829905766e+00,5.000000000000000000e-01,4.782608695652174058e-01,0.000000000000000000e+00,0.000000000000000000e+00
-4.428398174390949293e+00,5.000000000000000000e-01,5.217391304347825942e-01,0.000000000000000000e+00,0.000000000000000000e+00
-4.245195503733746101e+00,5.000000000000000000e-01,5.652173913043477826e-01,0.000000000000000000e+00,0.000000000000000000e+00
-7.322102914439625465e+00,5.000000000000000000e-01,6.086956521739130821e-01,0.000000000000000000e+00,0.000000000000000000e+00
-1.026357834758505483e+01,5.000000000000000000e-01,6.521739130434782705e-01,0.000000000000000000e+00,0.000000000000000000e+00
-1.159705659932736843e+01,5.000000000000000000e-01,6.956521739130434590e-01,0.000000000000000000e+00,0.000000000000000000e+00
-1.160906248803175700e+01,5.000000000000000000e-01,7.391304347826086474e-01,0.000000000000000000e+00,0.000000000000000000e+00
-1.125929394183680898e+01,5.000000000000000000e-01,7.826086956521739468e-01,0.000000000000000000e+00,0.000000000000000000e+00
-1.102083281792880065e+01,5.000000000000000000e-01,8.260869565217391353e-01,0.000000000000000000e+00,0.000000000000000000e+00
-1.118113681846958052e+01,5.000000000000000000e-01,8.695652173913043237e-01,0.000000000000000000e+00,0.000000000000000000e+00
-1.060893346389131153e+01,5.000000000000000000e-01,9.130434782608695121e-01,0.000000000000000000e+00,0.000000000000000000e+00
-1.007672666340987710e+01,5.000000000000000000e-01,9.565217391304348116e-01,0.000000000000000000e+00,0.000000000000000000e+00
-9.129859564659989601e+00,5.000000000000000000e-01,1.000000000000000000e+00,0.000000000000000000e+00,0.000000000000000000e+00
-7.451564182213912702e+00,6.666666666666666297e-01,0.000000000000000000e+00,0.000000000000000000e+00,0.000000000000000000e+00
-5.291920805933501448e+00,6.666666666666666297e-01,4.347826086956521618e-02,0.000000000000000000e+00,0.000000000000000000e+00
-4.615322552022078639e+00,6.666666666666666297e-01,8.695652173913043237e-02,0.000000000000000000e+00,0.000000000000000000e+00
-5.489654637817729110e+00,6.666666666666666297e-01,1.304347826086956486e-01,0.000000000000000000e+00,0.000000000000000000e+00
-3.317544566708845011e+00,6.666666666666666297e-01,1.739130434782608647e-01,0.000000000000000000e+00,0.000000000000000000e+00
-4.477216434607905526e+00,6.666666666666666297e-01,2.173913043478260809e-01,0.000000000000000000e+00,0.000000000000000000e+00
-5.213419524185326281e+00,6.666666666666666297e-01,2.608695652173912971e-01,0.000000000000000000e+00,0.000000000000000000e+00
-6.487645552872080223e+00,6.666666666666666297e-01,3.043478260869565410e-01,0.000000000000000000e+00,0.000000000000000000e+00
-5.875060832559634960e+00,6.666666666666666297e-01,3.478260869565217295e-01,0.000000000000000000e+00,0.000000000000000000e+00
-8.942019550820118567e+00,6.666666666666666297e-01,3.913043478260869734e-01,0.000000000000000000e+00,0.000000000000000000e+00
-8.504163634816460871e+00,6.666666666666666297e-01,4.347826086956521618e-01,0.000000000000000000e+00,0.000000000000000000e+00
-1.159944725842960800e+01,6.666666666666666297e-01,4.782608695652174058e-01,0.000000000000000000e+00,0.000000000000000000e+00
-1.352755195382786013e+01,6.666666666666666297e-01,5.217391304347825942e-01,0.000000000000000000e+00,0.000000000000000000e+00
-1.470951543253346649e+01,6.666666666666666297e-01,5.652173913043477826e-01,0.000000000000000000e+00,0.000000000000000000e+00
-1.682913718264751068e+01,6.666666666666666297e-01,6.086956521739130821e-01,0.000000000000000000e+00,0.000000000000000000e+00
-1.785335010871875738e+01,6.666666666666666297e-01,6.521739130434782705e-01,0.000000000000000000e+00,0.000000000000000000e+00
-1.954092561627678748e+01,6.666666666666666297e-01,6.956521739130434590e-01,0.000000000000000000e+00,0.000000000000000000e+00
-1.970106952670807843e+01,6.666666666666666297e-01,7.391304347826086474e-01,0.000000000000000000e+00,0.000000000000000000e+00
-1.913172137144338691e+01,6.666666666666666297e-01,7.826086956521739468e-01,0.000000000000000000e+00,0.000000000000000000e+00
-2.046542061036493010e+01,6.666666666666666297e-01,8.260869565217391353e-01,0.000000000000000000e+00,0.000000000000000000e+00
-2.084527135984924584e+01,6.666666666666666297e-01,8.695652173913043237e-01,0.000000000000000000e+00,0.000000000000000000e+00
-2.079362376853279315e+01,6.666666666666666297e-01,9.130434782608695121e-01,0.000000000000000000e+00,0.000000000000000000e+00
-1.834996377215777486e+01,6.666666666666666297e-01,9.565217391304348116e-01,0.000000000000000000e+00,0.000000000000000000e+00
-1.814333275560148451e+01,6.666666666666666297e-01,1.000000000000000000e+00,0.000000000000000000e+00,0.000000000000000000e+00
-1.641465729314610655e+01,8.333333333333333703e-01,0.000000000000000000e+00,0.000000000000000000e+00,0.000000000000000000e+00
-1.244640215104432990e+01,8.333333333333333703e-01,4.347826086956521618e-02,0.000000000000000000e+00,0.000000000000000000e+00
-1.245625731156924054e+01,8.333333333333333703e-01,8.695652173913043237e-02,0.000000000000000000e+00,0.000000000000000000e+00
-1.076475927706138336e+01,8.333333333333333703e-01,1.304347826086956486e-01,0.000000000000000000e+00,0.000000000000000000e+00
-1.082074931490386760e+01,8.333333333333333703e-01,1.739130434782608647e-01,0.000000000000000000e+00,0.000000000000000000e+00
-1.086908053699556120e+01,8.333333333333333703e-01,2.173913043478260809e-01,0.000000000000000000e+00,0.000000000000000000e+00
-1.154177310462227624e+01,8.333333333333333703e-01,2.608695652173912971e-01,0.000000000000000000e+00,0.000000000000000000e+00
-1.248165877884491337e+01,8.333333333333333703e-01,3.043478260869565410e-01,0.000000000000000000e+00,0.000000000000000000e+00
-1.220432787381543172e+01,8.333333333333333703e-01,3.478260869565217295e-01,0.000000000000000000e+00,0.000000000000000000e+00
-1.282780882588814464e+01,8.333333333333333703e-01,3.913043478260869734e-01,0.000000000000000000e+00,0.000000000000000000e+00
-1.161844275825383122e+01,8.333333333333333703e-01,4.347826086956521618e-01,0.000000000000000000e+00,0.000000000000000000e+00
-1.410815237476692730e+01,8.333333333333333703e-01,4.782608695652174058e-01,0.000000000000000000e+00,0.000000000000000000e+00
-1.522988383557839853e+01,8.333333333333333703e-01,5.217391304347825942e-01,0.000000000000000000e+00,0.000000000000000000e+00
-1.757323866126511547e+01,8.333333333333333703e-01,5.652173913043477826e-01,0.000000000000000000e+00,0.000000000000000000e+00
-1.868996502933656600e+01,8.333333333333333703e-01,6.086956521739130821e-01,0.000000000000000000e+00,0.000000000000000000e+00
-1.952730231545972828e+01,8.333333333333333703e-01,6.521739130434782705e-01,0.000000000000000000e+00,0.000000000000000000e+00
-2.129870115825986687e+01,8.333333333333333703e-01,6.956521739130434590e-01,0.000000000000000000e+00,0.000000000000000000e+00
-2.149441506670959967e+01,8.333333333333333703e-01,7.391304347826086474e-01,0.000000000000000000e+00,0.000000000000000000e+00
-2.277317571534582541e+01,8.333333333333333703e-01,7.826086956521739468e-01,0.000000000000000000e+00,0.000000000000000000e+00
-2.169343801614321166e+01,8.333333333333333703e-01,8.260869565217391353e-01,0.000000000000000000e+00,0.000000000000000000e+00
-1.851391435115161599e+01,8.333333333333333703e-01,8.695652173913043237e-01,0.000000000000000000e+00,0.000000000000000000e+00
-1.711714555866652177e+01,8.333333333333333703e-01,9.130434782608695121e-01,0.000000000000000000e+00,0.000000000000000000e+00
-1.774133945949429503e+01,8.333333333333333703e-01,9.565217391304348116e-01,0.000000000000000000e+00,0.000000000000000000e+00
-1.562629596211396432e+01,8.333333333333333703e-01,1.000000000000000000e+00,0.000000000000000000e+00,0.000000000000000000e+00
-1.447339318651843243e+01,1.000000000000000000e+00,0.000000000000000000e+00,0.000000000000000000e+00,0.000000000000000000e+00
-1.291417341559670540e+01,1.000000000000000000e+00,4.347826086956521618e-02,0.000000000000000000e+00,0.000000000000000000e+00
-1.154597639255885078e+01,1.000000000000000000e+00,8.695652173913043237e-02,0.000000000000000000e+00,0.000000000000000000e+00
-9.818532561871780473e+00,1.000000000000000000e+00,1.304347826086956486e-01,0.000000000000000000e+00,0.000000000000000000e+00
-9.362278013152335987e+00,1.000000000000000000e+00,1.739130434782608647e-01,0.000000000000000000e+00,0.000000000000000000e+00
-8.321382986609572541e+00,1.000000000000000000e+00,2.173913043478260809e-01,0.000000000000000000e+00,0.000000000000000000e+00
-8.423399488002651481e+00,1.000000000000000000e+00,2.608695652173912971e-01,0.000000000000000000e+00,0.000000000000000000e+00
-7.931030166286257455e+00,1.000000000000000000e+00,3.043478260869565410e-01,0.000000000000000000e+00,0.000000000000000000e+00
-8.428609565868583786e+00,1.000000000000000000e+00,3.478260869565217295e-01,0.000000000000000000e+00,0.000000000000000000e+00
-9.779785921582064390e+00,1.000000000000000000e+00,3.913043478260869734e-01,0.000000000000000000e+00,0.000000000000000000e+00
-1.071466149085911290e+01,1.000000000000000000e+00,4.347826086956521618e-01,0.000000000000000000e+00,0.000000000000000000e+00
-1.138723480970291035e+01,1.000000000000000000e+00,4.782608695652174058e-01,0.000000000000000000e+00,0.000000000000000000e+00
-1.362719670393342142e+01,1.000000000000000000e+00,5.217391304347825942e-01,0.000000000000000000e+00,0.000000000000000000e+00
-1.425644394497783374e+01,1.000000000000000000e+00,5.652173913043477826e-01,0.000000000000000000e+00,0.000000000000000000e+00
-1.536127993493773047e+01,1.000000000000000000e+00,6.086956521739130821e-01,0.000000000000000000e+00,0.000000000000000000e+00
-1.612482736739336531e+01,1.000000000000000000e+00,6.521739130434782705e-01,0.000000000000000000e+00,0.000000000000000000e+00
-1.636843075879927056e+01,1.000000000000000000e+00,6.956521739130434590e-01,0.000000000000000000e+00,0.000000000000000000e+00
-1.587453745336456734e+01,1.000000000000000000e+00,7.391304347826086474e-01,0.000000000000000000e+00,0.000000000000000000e+00
-1.453825003829896367e+01,1.000000000000000000e+00,7.826086956521739468e-01,0.000000000000000000e+00,0.000000000000000000e+00
-1.389120157096284558e+01,1.000000000000000000e+00,8.260869565217391353e-01,0.000000000000000000e+00,0.000000000000000000e+00
-1.244711296576256387e+01,1.000000000000000000e+00,8.695652173913043237e-01,0.000000000000000000e+00,0.000000000000000000e+00
-1.177588767499831235e+01,1.000000000000000000e+00,9.130434782608695121e-01,0.000000000000000000e+00,0.000000000000000000e+00
-1.074693289704610955e+01,1.000000000000000000e+00,9.565217391304348116e-01,0.000000000000000000e+00,0.000000000000000000e+00
-1.023173978164108533e+01,1.000000000000000000e+00,1.000000000000000000e+00,0.000000000000000000e+00,0.000000000000000000e+00
-7.321247895766665792e+00,0.000000000000000000e+00,0.000000000000000000e+00,0.000000000000000000e+00,0.000000000000000000e+00
-6.511341990222694776e+00,0.000000000000000000e+00,4.347826086956521618e-02,0.000000000000000000e+00,0.000000000000000000e+00
-4.697397416344331944e+00,0.000000000000000000e+00,8.695652173913043237e-02,0.000000000000000000e+00,0.000000000000000000e+00
-4.670207454087535126e+00,0.000000000000000000e+00,1.304347826086956486e-01,0.000000000000000000e+00,0.000000000000000000e+00
-3.278712704599118233e+00,0.000000000000000000e+00,1.739130434782608647e-01,0.000000000000000000e+00,0.000000000000000000e+00
-2.815757372317066576e+00,0.000000000000000000e+00,2.173913043478260809e-01,0.000000000000000000e+00,0.000000000000000000e+00
-3.076979051736469462e+00,0.000000000000000000e+00,2.608695652173912971e-01,0.000000000000000000e+00,0.000000000000000000e+00
-1.246839440591416714e+00,0.000000000000000000e+00,3.043478260869565410e-01,0.000000000000000000e+00,0.000000000000000000e+00
-1.261932321837267779e+00,0.000000000000000000e+00,3.478260869565217295e-01,0.000000000000000000e+00,0.000000000000000000e+00
-5.070462824210955066e-01,0.000000000000000000e+00,3.913043478260869734e-01,0.000000000000000000e+00,0.000000000000000000e+00
-1.373742775339249711e+00,0.000000000000000000e+00,4.347826086956521618e-01,0.000000000000000000e+00,0.000000000000000000e+00
-3.107864331141457104e+00,0.000000000000000000e+00,4.782608695652174058e-01,0.000000000000000000e+00,0.000000000000000000e+00
-4.184445743788189453e+00,0.000000000000000000e+00,5.217391304347825942e-01,0.000000000000000000e+00,0.000000000000000000e+00
-4.550917717996917133e+00,0.000000000000000000e+00,5.652173913043477826e-01,0.000000000000000000e+00,0.000000000000000000e+00
-4.919258484313943747e+00,0.000000000000000000e+00,6.086956521739130821e-01,0.000000000000000000e+00,0.000000000000000000e+00
-6.613369042568677081e+00,0.000000000000000000e+00,6.521739130434782705e-01,0.000000000000000000e+00,0.000000000000000000e+00
-7.476946561340207964e+00,0.000000000000000000e+00,6.956521739130434590e-01,0.000000000000000000e+00,0.000000000000000000e+00
-8.587315705555203849e+00,0.000000000000000000e+00,7.391304347826086474e-01,0.000000000000000000e+00,0.000000000000000000e+00
-8.574275064198410234e+00,0.000000000000000000e+00,7.826086956521739468e-01,0.000000000000000000e+00,0.000000000000000000e+00
-7.553819534173494610e+00,0.000000000000000000e+00,8.260869565217391353e-01,0.000000000000000000e+00,0.000000000000000000e+00
-6.329197685203176604e+00,0.000000000000000000e+00,8.695652173913043237e-01,0.000000000000000000e+00,0.000000000000000000e+00
-4.826771478182881658e+00,0.000000000000000000e+00,9.130434782608695121e-01,0.000000000000000000e+00,0.000000000000000000e+00
-2.804338713506355329e+00,0.000000000000000000e+00,9.565217391304348116e-01,0.000000000000000000e+00,0.000000000000000000e+00
-2.448261289629470205e+00,0.000000000000000000e+00,1.000000000000000000e+00,0.000000000000000000e+00,0.000000000000000000e+00
-1.601787686078616879e+00,1.666666666666666574e-01,0.000000000000000000e+00,0.000000000000000000e+00,0.000000000000000000e+00
-1.134853602163195641e+00,1.666666666666666574e-01,4.347826086956521618e-02,0.000000000000000000e+00,0.000000000000000000e+00
1.594622697511194120e+00,1.666666666666666574e-01,8.695652173913043237e-02,0.000000000000000000e+00,0.000000000000000000e+00
3.380546948063156698e+00,1.666666666666666574e-01,1.304347826086956486e-01,0.000000000000000000e+00,0.000000000000000000e+00
3.563537358297384827e+00,1.666666666666666574e-01,1.739130434782608647e-01,0.000000000000000000e+00,0.000000000000000000e+00
6.352147995465535324e+00,1.666666666666666574e-01,2.173913043478260809e-01,0.000000000000000000e+00,0.000000000000000000e+00
4.378854342476842021e+00,1.666666666666666574e-01,2.608695652173912971e-01,0.000000000000000000e+00,0.000000000000000000e+00
4.348556824647267227e+00,1.666666666666666574e-01,3.043478260869565410e-01,0.000000000000000000e+00,0.000000000000000000e+00
4.684226079838811785e+00,1.666666666666666574e-01,3.478260869565217295e-01,0.000000000000000000e+00,0.000000000000000000e+00
4.520672028519397756e+00,1.666666666666666574e-01,3.913043478260869734e-01,0.000000000000000000e+00,0.000000000000000000e+00
3.897282681462090004e+00,1.666666666666666574e-01,4.347826086956521618e-01,0.000000000000000000e+00,0.000000000000000000e+00
1.236491570387586059e+00,1.666666666666666574e-01,4.782608695652174058e-01,0.000000000000000000e+00,0.000000000000000000e+00
-8.220353114013150275e-01,1.666666666666666574e-01,5.217391304347825942e-01,0.000000000000000000e+00,0.000000000000000000e+00
-2.689709079430194549e+00,1.666666666666666574e-01,5.652173913043477826e-01,0.000000000000000000e+00,0.000000000000000000e+00
-3.891866271938811739e+00,1.666666666666666574e-01,6.086956521739130821e-01,0.000000000000000000e+00,0.000000000000000000e+00
-4.552159443475794376e+00,1.666666666666666574e-01,6.521739130434782705e-01,0.000000000000000000e+00,0.000000000000000000e+00
-3.324527528801098253e+00,1.666666666666666574e-01,6.956521739130434590e-01,0.000000000000000000e+00,0.000000000000000000e+00
-5.446549951841737069e+00,1.666666666666666574e-01,7.391304347826086474e-01,0.000000000000000000e+00,0.000000000000000000e+00
-4.535971293611689603e+00,1.666666666666666574e-01,7.826086956521739468e-01,0.000000000000000000e+00,0.000000000000000000e+00
-5.092341071798905716e+00,1.666666666666666574e-01,8.260869565217391353e-01,0.000000000000000000e+00,0.000000000000000000e+00
-3.593123661690488024e+00,1.666666666666666574e-01,8.695652173913043237e-01,0.000000000000000000e+00,0.000000000000000000e+00
-2.815396940923323488e+00,1.666666666666666574e-01,9.130434782608695121e-01,0.000000000000000000e+00,0.000000000000000000e+00
-1.473730275385018995e+00,1.666666666666666574e-01,9.565217391304348116e-01,0.000000000000000000e+00,0.000000000000000000e+00
-1.796747966570944932e+00,1.666666666666666574e-01,1.000000000000000000e+00,0.000000000000000000e+00,0.000000000000000000e+00
-6.663146660461816140e-02,3.333333333333333148e-01,0.000000000000000000e+00,0.000000000000000000e+00,0.000000000000000000e+00
1.828723770495553014e+00,3.333333333333333148e-01,4.347826086956521618e-02,0.000000000000000000e+00,0.000000000000000000e+00
3.654574532718950497e+00,3.333333333333333148e-01,8.695652173913043237e-02,0.000000000000000000e+00,0.000000000000000000e+00
5.540818518637854240e+00,3.333333333333333148e-01,1.304347826086956486e-01,0.000000000000000000e+00,0.000000000000000000e+00
4.348320988373802543e+00,3.333333333333333148e-01,1.739130434782608647e-01,0.000000000000000000e+00,0.000000000000000000e+00
5.379976122341362021e+00,3.333333333333333148e-01,2.173913043478260809e-01,0.000000000000000000e+00,0.000000000000000000e+00
4.607631154758313308e+00,3.333333333333333148e-01,2.608695652173912971e-01,0.000000000000000000e+00,0.000000000000000000e+00
6.026971773860931414e+00,3.333333333333333148e-01,3.043478260869565410e-01,0.000000000000000000e+00,0.000000000000000000e+00
4.235398431503597294e+00,3.333333333333333148e-01,3.478260869565217295e-01,0.000000000000000000e+00,0.000000000000000000e+00
2.063098257150964621e+00,3.333333333333333148e-01,3.913043478260869734e-01,0.000000000000000000e+00,0.000000000000000000e+00
2.526454160757546585e+00,3.333333333333333148e-01,4.347826086956521618e-01,0.000000000000000000e+00,0.000000000000000000e+00
7.496961244488703491e-01,3.333333333333333148e-01,4.782608695652174058e-01,0.000000000000000000e+00,0.000000000000000000e+00
-2.045791224778503725e+00,3.333333333333333148e-01,5.217391304347825942e-01,0.000000000000000000e+00,0.000000000000000000e+00
-2.630991556007691301e+00,3.333333333333333148e-01,5.652173913043477826e-01,0.000000000000000000e+00,0.000000000000000000e+00
-3.888972064196300149e+00,3.333333333333333148e-01,6.086956521739130821e-01,0.000000000000000000e+00,0.000000000000000000e+00
-5.349076191395029767e+00,3.333333333333333148e-01,6.521739130434782705e-01,0.000000000000000000e+00,0.000000000000000000e+00
-5.510304566270603388e+00,3.333333333333333148e-01,6.956521739130434590e-01,0.000000000000000000e+00,0.000000000000000000e+00
-5.864615311583873947e+00,3.333333333333333148e-01,7.391304347826086474e-01,0.000000000000000000e+00,0.000000000000000000e+00
-5.881701033696103309e+00,3.333333333333333148e-01,7.826086956521739468e-01,0.000000000000000000e+00,0.000000000000000000e+00
-8.341418812583505371e+00,3.333333333333333148e-01,8.260869565217391353e-01,0.000000000000000000e+00,0.000000000000000000e+00
-7.655619796983966552e+00,3.333333333333333148e-01,8.695652173913043237e-01,0.000000000000000000e+00,0.000000000000000000e+00
-7.273298532600004584e+00,3.333333333333333148e-01,9.130434782608695121e-01,0.000000000000000000e+00,0.000000000000000000e+00
-6.748167129724448543e+00,3.333333333333333148e-01,9.565217391304348116e-01,0.000000000000000000e+00,0.000000000000000000e+00
-5.982330137024649552e+00,3.333333333333333148e-01,1.000000000000000000e+00,0.000000000000000000e+00,0.000000000000000000e+00
-4.508223347412109838e+00,5.000000000000000000e-01,0.000000000000000000e+00,0.000000000000000000e+00,0.000000000000000000e+00
-4.623977533650993621e+00,5.000000000000000000e-01,4.347826086956521618e-02,0.000000000000000000e+00,0.000000000000000000e+00
-3.288201889453565840e+00,5.000000000000000000e-01,8.695652173913043237e-02,0.000000000000000000e+00,0.000000000000000000e+00
-9.722508184238466411e-01,5.000000000000000000e-01,1.304347826086956486e-01,0.000000000000000000e+00,0.000000000000000000e+00
-9.924084064634832725e-01,5.000000000000000000e-01,1.739130434782608647e-01,0.000000000000000000e+00,0.000000000000000000e+00
-1.747930231692048642e-01,5.000000000000000000e-01,2.173913043478260809e-01,0.000000000000000000e+00,0.000000000000000000e+00
6.756489547753088409e-01,5.000000000000000000e-01,2.608695652173912971e-01,0.000000000000000000e+00,0.000000000000000000e+00
-1.471372068232496888e+00,5.000000000000000000e-01,3.043478260869565410e-01,0.000000000000000000e+00,0.000000000000000000e+00
-1.617204216075798451e+00,5.000000000000000000e-01,3.478260869565217295e-01,0.000000000000000000e+00,0.000000000000000000e+00
-3.100287396091271575e+00,5.000000000000000000e-01,3.913043478260869734e-01,0.000000000000000000e+00,0.000000000000000000e+00
-3.944876282671025081e+00,5.000000000000000000e-01,4.347826086956521618e-01,0.000000000000000000e+00,0.000000000000000000e+00
-6.729369441883912728e+00,5.000000000000000000e-01,4.782608695652174058e-01,0.000000000000000000e+00,0.000000000000000000e+00
-7.623533251544982292e+00,5.000000000000000000e-01,5.217391304347825942e-01,0.000000000000000000e+00,0.000000000000000000e+00
-9.054115798017372541e+00,5.000000000000000000e-01,5.652173913043477826e-01,0.000000000000000000e+00,0.000000000000000000e+00
-1.069530466675908364e+01,5.000000000000000000e-01,6.086956521739130821e-01,0.000000000000000000e+00,0.000000000000000000e+00
-1.043474237560474371e+01,5.000000000000000000e-01,6.521739130434782705e-01,0.000000000000000000e+00,0.000000000000000000e+00
-1.274271121234872517e+01,5.000000000000000000e-01,6.956521739130434590e-01,0.000000000000000000e+00,0.000000000000000000e+00
-1.269728471728566710e+01,5.000000000000000000e-01,7.391304347826086474e-01,0.000000000000000000e+00,0.000000000000000000e+00
-1.574952829346721828e+01,5.000000000000000000e-01,7.826086956521739468e-01,0.000000000000000000e+00,0.000000000000000000e+00
-1.527240178732287923e+01,5.000000000000000000e-01,8.260869565217391353e-01,0.000000000000000000e+00,0.000000000000000000e+00
-1.532022377287636061e+01,5.000000000000000000e-01,8.695652173913043237e-01,0.000000000000000000e+00,0.000000000000000000e+00
-1.398976763381248922e+01,5.000000000000000000e-01,9.130434782608695121e-01,0.000000000000000000e+00,0.000000000000000000e+00
-1.193929921186135346e+01,5.000000000000000000e-01,9.565217391304348116e-01,0.000000000000000000e+00,0.000000000000000000e+00
-1.261874151499124075e+01,5.000000000000000000e-01,1.000000000000000000e+00,0.000000000000000000e+00,0.000000000000000000e+00
-1.201875383184236057e+01,6.666666666666666297e-01,0.000000000000000000e+00,0.000000000000000000e+00,0.000000000000000000e+00
-1.205695346744872687e+01,6.666666666666666297e-01,4.347826086956521618e-02,0.000000000000000000e+00,0.000000000000000000e+00
-1.107083119728055820e+01,6.666666666666666297e-01,8.695652173913043237e-02,0.000000000000000000e+00,0.000000000000000000e+00
-1.090243608053594926e+01,6.666666666666666297e-01,1.304347826086956486e-01,0.000000000000000000e+00,0.000000000000000000e+00
-8.184434694081362593e+00,6.666666666666666297e-01,1.739130434782608647e-01,0.000000000000000000e+00,0.000000000000000000e+00
-7.329759608589694331e+00,6.666666666666666297e-01,2.173913043478260809e-01,0.000000000000000000e+00,0.000000000000000000e+00
-7.991090778756763768e+00,6.666666666666666297e-01,2.608695652173912971e-01,0.000000000000000000e+00,0.000000000000000000e+00
-7.294821932746325288e+00,6.666666666666666297e-01,3.043478260869565410e-01,0.000000000000000000e+00,0.000000000000000000e+00
-7.987717177444253913e+00,6.666666666666666297e-01,3.478260869565217295e-01,0.000000000000000000e+00,0.000000000000000000e+00
-9.477402876721855662e+00,6.666666666666666297e-01,3.913043478260869734e-01,0.000000000000000000e+00,0.000000000000000000e+00
-1.085723413516122093e+01,6.666666666666666297e-01,4.347826086956521618e-01,0.000000000000000000e+00,0.000000000000000000e+00
-1.160899308504420979e+01,6.666666666666666297e-01,4.782608695652174058e-01,0.000000000000000000e+00,0.000000000000000000e+00
-1.330450721195433594e+01,6.666666666666666297e-01,5.217391304347825942e-01,0.000000000000000000e+00,0.000000000000000000e+00
-1.384392923776641382e+01,6.666666666666666297e-01,5.652173913043477826e-01,0.000000000000000000e+00,0.000000000000000000e+00
-1.737574744141337035e+01,6.666666666666666297e-01,6.086956521739130821e-01,0.000000000000000000e+00,0.000000000000000000e+00
-1.798137938360624588e+01,6.666666666666666297e-01,6.521739130434782705e-01,0.000000000000000000e+00,0.000000000000000000e+00
-1.984716232658254143e+01,6.666666666666666297e-01,6.956521739130434590e-01,0.000000000000000000e+00,0.000000000000000000e+00
-1.945205885188678252e+01,6.666666666666666297e-01,7.391304347826086474e-01,0.000000000000000000e+00,0.000000000000000000e+00
-2.054811632798337229e+01,6.666666666666666297e-01,7.826086956521739468e-01,0.000000000000000000e+00,0.000000000000000000e+00
-2.134956219353885132e+01,6.666666666666666297e-01,8.260869565217391353e-01,0.000000000000000000e+00,0.000000000000000000e+00
-2.030904184714677640e+01,6.666666666666666297e-01,8.695652173913043237e-01,0.000000000000000000e+00,0.000000000000000000e+00
-1.984089278500988485e+01,6.666666666666666297e-01,9.130434782608695121e-01,0.000000000000000000e+00,0.000000000000000000e+00
-1.939682876644092602e+01,6.666666666666666297e-01,9.565217391304348116e-01,0.000000000000000000e+00,0.000000000000000000e+00
-1.806901929595073852e+01,6.666666666666666297e-01,1.000000000000000000e+00,0.000000000000000000e+00,0.000000000000000000e+00
-1.544603836325635271e+01,8.333333333333333703e-01,0.000000000000000000e+00,0.000000000000000000e+00,0.000000000000000000e+00
-1.481319467525828948e+01,8.333333333333333703e-01,4.347826086956521618e-02,0.000000000000000000e+00,0.000000000000000000e+00
-1.460976564366981201e+01,8.333333333333333703e-01,8.695652173913043237e-02,0.000000000000000000e+00,0.000000000000000000e+00
-1.227163918180328217e+01,8.333333333333333703e-01,1.304347826086956486e-01,0.000000000000000000e+00,0.000000000000000000e+00
-1.195232035107908430e+01,8.333333333333333703e-01,1.739130434782608647e-01,0.000000000000000000e+00,0.000000000000000000e+00
-1.125237427104318932e+01,8.333333333333333703e-01,2.173913043478260809e-01,0.000000000000000000e+00,0.000000000000000000e+00
-8.541662561931321562e+00,8.333333333333333703e-01,2.608695652173912971e-01,0.000000000000000000e+00,0.000000000000000000e+00
-1.041907331871356845e+01,8.333333333333333703e-01,3.043478260869565410e-01,0.000000000000000000e+00,0.000000000000000000e+00
-1.030560165476395085e+01,8.333333333333333703e-01,3.478260869565217295e-01,0.000000000000000000e+00,0.000000000000000000e+00
-1.288703973721047369e+01,8.333333333333333703e-01,3.913043478260869734e-01,0.000000000000000000e+00,0.000000000000000000e+00
-1.201835646297724125e+01,8.333333333333333703e-01,4.347826086956521618e-01,0.000000000000000000e+00,0.000000000000000000e+00
-1.358728352585240984e+01,8.333333333333333703e-01,4.782608695652174058e-01,0.000000000000000000e+00,0.000000000000000000e+00
-1.609401779318491776e+01,8.333333333333333703e-01,5.217391304347825942e-01,0.000000000000000000e+00,0.000000000000000000e+00
-1.587916055978094931e+01,8.333333333333333703e-01,5.652173913043477826e-01,0.000000000000000000e+00,0.000000000000000000e+00
-1.848761978696864716e+01,8.333333333333333703e-01,6.086956521739130821e-01,0.000000000000000000e+00,0.000000000000000000e+00
-1.895431635014056937e+01,8.333333333333333703e-01,6.521739130434782705e-01,0.000000000000000000e+00,0.000000000000000000e+00
-1.886983516420105289e+01,8.333333333333333703e-01,6.956521739130434590e-01,0.000000000000000000e+00,0.000000000000000000e+00
-1.898313076487745832e+01,8.333333333333333703e-01,7.391304347826086474e-01,0.000000000000000000e+00,0.000000000000000000e+00
-1.864590232463240227e+01,8.333333333333333703e-01,7.826086956521739468e-01,0.000000000000000000e+00,0.000000000000000000e+00
-1.785548334516225566e+01,8.333333333333333703e-01,8.260869565217391353e-01,0.000000000000000000e+00,0.000000000000000000e+00
-1.772522520769389587e+01,8.333333333333333703e-01,8.695652173913043237e-01,0.000000000000000000e+00,0.000000000000000000e+00
-1.675202738747643139e+01,8.333333333333333703e-01,9.130434782608695121e-01,0.000000000000000000e+00,0.000000000000000000e+00
-1.598436185039832225e+01,8.333333333333333703e-01,9.565217391304348116e-01,0.000000000000000000e+00,0.000000000000000000e+00
-1.317466424278527448e+01,8.333333333333333703e-01,1.000000000000000000e+00,0.000000000000000000e+00,0.000000000000000000e+00
-1.208212965561466490e+01,1.000000000000000000e+00,0.000000000000000000e+00,0.000000000000000000e+00,0.000000000000000000e+00
-9.600841647379562360e+00,1.000000000000000000e+00,4.347826086956521618e-02,0.000000000000000000e+00,0.000000000000000000e+00
-7.600527535639279186e+00,1.000000000000000000e+00,8.695652173913043237e-02,0.000000000000000000e+00,0.000000000000000000e+00
-7.088575035208300790e+00,1.000000000000000000e+00,1.304347826086956486e-01,0.000000000000000000e+00,0.000000000000000000e+00
-4.511239012631343748e+00,1.000000000000000000e+00,1.739130434782608647e-01,0.000000000000000000e+00,0.000000000000000000e+00
-4.913425216864117040e+00,1.000000000000000000e+00,2.173913043478260809e-01,0.000000000000000000e+00,0.000000000000000000e+00
-4.541286692356604426e+00,1.000000000000000000e+00,2.608695652173912971e-01,0.000000000000000000e+00,0.000000000000000000e+00
-5.664772821989449980e+00,1.000000000000000000e+00,3.043478260869565410e-01,0.000000000000000000e+00,0.000000000000000000e+00
-5.975640359294057014e+00,1.000000000000000000e+00,3.478260869565217295e-01,0.000000000000000000e+00,0.000000000000000000e+00
-6.936515798209594408e+00,1.000000000000000000e+00,3.913043478260869734e-01,0.000000000000000000e+00,0.000000000000000000e+00
-6.306416164635447963e+00,1.000000000000000000e+00,4.347826086956521618e-01,0.000000000000000000e+00,0.000000000000000000e+00
-6.818770387258690668e+00,1.000000000000000000e+00,4.782608695652174058e-01,0.000000000000000000e+00,0.000000000000000000e+00
-6.255705691171925764e+00,1.000000000000000000e+00,5.217391304347825942e-01,0.000000000000000000e+00,0.000000000000000000e+00
-8.654101699961161742e+00,1.000000000000000000e+00,5.652173913043477826e-01,0.000000000000000000e+00,0.000000000000000000e+00
-1.010099833116417756e+01,1.000000000000000000e+00,6.086956521739130821e-01,0.000000000000000000e+00,0.000000000000000000e+00
-9.731351805043328085e+00,1.000000000000000000e+00,6.521739130434782705e-01,0.000000000000000000e+00,0.000000000000000000e+00
-1.079089047079537345e+01,1.000000000000000000e+00,6.956521739130434590e-01,0.000000000000000000e+00,0.000000000000000000e+00
-1.143076783982810696e+01,1.000000000000000000e+00,7.391304347826086474e-01,0.000000000000000000e+00,0.000000000000000000e+00
-1.238643756127285300e+01,1.000000000000000000e+00,7.826086956521739468e-01,0.000000000000000000e+00,0.000000000000000000e+00
-1.076978400237619304e+01,1.000000000000000000e+00,8.260869565217391353e-01,0.000000000000000000e+00,0.000000000000000000e+00
-8.261396921894720080e+00,1.000000000000000000e+00,8.695652173913043237e-01,0.000000000000000000e+00,0.000000000000000000e+00
-8.648358735525791374e+00,1.000000000000000000e+00,9.130434782608695121e-01,0.000000000000000000e+00,0.000000000000000000e+00
-6.116003501531998232e+00,1.000000000000000000e+00,9.565217391304348116e-01,0.000000000000000000e+00,0.000000000000000000e+00
-4.063642403685626903e+00,1.000000000000000000e+00,1.000000000000000000e+00,0.000000000000000000e+00,0.000000000000000000e+00
-3.445362461092729589e+00,0.000000000000000000e+00,0.000000000000000000e+00,0.000000000000000000e+00,0.000000000000000000e+00
-1.995037684382192644e+00,0.000000000000000000e+00,4.347826086956521618e-02,0.000000000000000000e+00,0.000000000000000000e+00
3.118727842525754190e-01,0.000000000000000000e+00,8.695652173913043237e-02,0.000000000000000000e+00,0.000000000000000000e+00
1.171967904721560760e+00,0.000000000000000000e+00,1.304347826086956486e-01,0.000000000000000000e+00,0.000000000000000000e+00
3.741437535309752427e+00,0.000000000000000000e+00,1.739130434782608647e-01,0.000000000000000000e+00,0.000000000000000000e+00
2.897380410897933967e+00,0.000000000000000000e+00,2.173913043478260809e-01,0.000000000000000000e+00,0.000000000000000000e+00
4.670709299747398902e+00,0.000000000000000000e+00,2.608695652173912971e-01,0.000000000000000000e+00,0.000000000000000000e+00
5.613355986785886209e+00,0.000000000000000000e+00,3.043478260869565410e-01,0.000000000000000000e+00,0.000000000000000000e+00
4.597820608814009447e+00,0.000000000000000000e+00,3.478260869565217295e-01,0.000000000000000000e+00,0.000000000000000000e+00
4.551924414113698525e+00,0.000000000000000000e+00,3.913043478260869734e-01,0.000000000000000000e+00,0.000000000000000000e+00
2.962869048291249641e+00,0.000000000000000000e+00,4.347826086956521618e-01,0.000000000000000000e+00,0.000000000000000000e+00
2.671678983644181216e+00,0.000000000000000000e+00,4.782608695652174058e-01,0.000000000000000000e+00,0.000000000000000000e+00
1.050479928085425119e+00,0.000000000000000000e+00,5.217391304347825942e-01,0.000000000000000000e+00,0.000000000000000000e+00
4.947094738996707375e-01,0.000000000000000000e+00,5.652173913043477826e-01,0.000000000000000000e+00,0.000000000000000000e+00
6.416199750239770516e-02,0.000000000000000000e+00,6.086956521739130821e-01,0.000000000000000000e+00,0.000000000000000000e+00
-1.214081420086151386e+00,0.000000000000000000e+00,6.521739130434782705e-01,0.000000000000000000e+00,0.000000000000000000e+00
-1.403577118018520586e+00,0.000000000000000000e+00,6.956521739130434590e-01,0.000000000000000000e+00,0.000000000000000000e+00
-1.950806002128663508e+00,0.000000000000000000e+00,7.391304347826086474e-01,0.000000000000000000e+00,0.000000000000000000e+00
-1.632893162599953651e+00,0.000000000000000000e+00,7.826086956521739468e-01,0.000000000000000000e+00,0.000000000000000000e+00
1.104639357881929129e-01,0.000000000000000000e+00,8.260869565217391353e-01,0.000000000000000000e+00,0.000000000000000000e+00
-1.905327688878023507e-01,0.000000000000000000e+00,8.695652173913043237e-01,0.000000000000000000e+00,0.000000000000000000e+00
1.705314909963631553e+00,0.000000000000000000e+00,9.130434782608695121e-01,0.000000000000000000e+00,0.000000000000000000e+00
1.230345245132891119e+00,0.000000000000000000e+00,9.565217391304348116e-01,0.000000000000000000e+00,0.000000000000000000e+00
2.727373912586223526e+00,0.000000000000000000e+00,1.000000000000000000e+00,0.000000000000000000e+00,0.000000000000000000e+00
4.625091827763373686e+00,1.666666666666666574e-01,0.000000000000000000e+00,0.000000000000000000e+00,0.000000000000000000e+00
7.318695307640959768e+00,1.666666666666666574e-01,4.347826086956521618e-02,0.000000000000000000e+00,0.000000000000000000e+00
8.263654968123971045e+00,1.666666666666666574e-01,8.695652173913043237e-02,0.000000000000000000e+00,0.000000000000000000e+00
1.023672416555918119e+01,1.666666666666666574e-01,1.304347826086956486e-01,0.000000000000000000e+00,0.000000000000000000e+00
1.040495879174536320e+01,1.666666666666666574e-01,1.739130434782608647e-01,0.000000000000000000e+00,0.000000000000000000e+00
1.263827285991065708e+01,1.666666666666666574e-01,2.173913043478260809e-01,0.000000000000000000e+00,0.000000000000000000e+00
1.303498491508648982e+01,1.666666666666666574e-01,2.608695652173912971e-01,0.000000000000000000e+00,0.000000000000000000e+00
1.384272471956830763e+01,1.666666666666666574e-01,3.043478260869565410e-01,0.000000000000000000e+00,0.000000000000000000e+00
1.242355380604731252e+01,1.666666666666666574e-01,3.478260869565217295e-01,0.000000000000000000e+00,0.000000000000000000e+00
1.155813324029436195e+01,1.666666666666666574e-01,3.913043478260869734e-01,0.000000000000000000e+00,0.000000000000000000e+00
9.637475510046959570e+00,1.666666666666666574e-01,4.347826086956521618e-01,0.000000000000000000e+00,0.000000000000000000e+00
9.136737237541529666e+00,1.666666666666666574e-01,4.782608695652174058e-01,0.000000000000000000e+00,0.000000000000000000e+00
8.941368814736478043e+00,1.666666666666666574e-01,5.217391304347825942e-01,0.000000000000000000e+00,0.000000000000000000e+00
8.689165269369242495e+00,1.666666666666666574e-01,5.652173913043477826e-01,0.000000000000000000e+00,0.000000000000000000e+00
6.991479140472465659e+00,1.666666666666666574e-01,6.086956521739130821e-01,0.000000000000000000e+00,0.000000000000000000e+00
6.092543000888883675e+00,1.666666666666666574e-01,6.521739130434782705e-01,0.000000000000000000e+00,0.000000000000000000e+00
5.212245120236524976e+00,1.666666666666666574e-01,6.956521739130434590e-01,0.000000000000000000e+00,0.000000000000000000e+00
5.186114971419553576e+00,1.666666666666666574e-01,7.391304347826086474e-01,0.000000000000000000e+00,0.000000000000000000e+00
3.482558884210781969e+00,1.666666666666666574e-01,7.826086956521739468e-01,0.000000000000000000e+00,0.000000000000000000e+00
3.269217335668151314e+00,1.666666666666666574e-01,8.260869565217391353e-01,0.000000000000000000e+00,0.000000000000000000e+00
4.578512246135452379e+00,1.666666666666666574e-01,8.695652173913043237e-01,0.000000000000000000e+00,0.000000000000000000e+00
5.969850463379411387e+00,1.666666666666666574e-01,9.130434782608695121e-01,0.000000000000000000e+00,0.000000000000000000e+00
7.228722233674584885e+00,1.666666666666666574e-01,9.565217391304348116e-01,0.000000000000000000e+00,0.000000000000000000e+00
9.123295198233094538e+00,1.666666666666666574e-01,1.000000000000000000e+00,0.000000000000000000e+00,0.000000000000000000e+00
9.853054272053098472e+00,3.333333333333333148e-01,0.000000000000000000e+00,9.090909090909091161e-02,0.000000000000000000e+00
1.033862175049543985e+01,3.333333333333333148e-01,4.347826086956521618e-02,9.090909090909091161e-02,0.000000000000000000e+00
1.141549821711310386e+01,3.333333333333333148e-01,8.695652173913043237e-02,9.090909090909091161e-02,0.000000000000000000e+00
1.389972313296204476e+01,3.333333333333333148e-01,1.304347826086956486e-01,9.090909090909091161e-02,0.000000000000000000e+00
1.248071932125291106e+01,3.333333333333333148e-01,1.739130434782608647e-01,9.090909090909091161e-02,0.000000000000000000e+00
1.375626734294587195e+01,3.333333333333333148e-01,2.173913043478260809e-01,9.090909090909091161e-02,0.000000000000000000e+00
1.408459533284490028e+01,3.333333333333333148e-01,2.608695652173912971e-01,9.090909090909091161e-02,0.000000000000000000e+00
1.288520601381691399e+01,3.333333333333333148e-01,3.043478260869565410e-01,9.090909090909091161e-02,0.000000000000000000e+00
1.181125988929000137e+01,3.333333333333333148e-01,3.478260869565217295e-01,9.090909090909091161e-02,0.000000000000000000e+00
1.197642904878624215e+01,3.333333333333333148e-01,3.913043478260869734e-01,9.090909090909091161e-02,0.000000000000000000e+00
1.062322983985266234e+01,3.333333333333333148e-01,4.347826086956521618e-01,9.090909090909091161e-02,0.000000000000000000e+00
8.956866898031936586e+00,3.333333333333333148e-01,4.782608695652174058e-01,9.090909090909091161e-02,0.000000000000000000e+00
6.757214765034198933e+00,3.333333333333333148e-01,5.217391304347825942e-01,9.090909090909091161e-02,0.000000000000000000e+00
6.442728872934645246e+00,3.333333333333333148e-01,5.652173913043477826e-01,9.090909090909091161e-02,0.000000000000000000e+00
5.408740472256328147e+00,3.333333333333333148e-01,6.086956521739130821e-01,9.090909090909091161e-02,0.000000000000000000e+00
3.435027933413395296e+00,3.333333333333333148e-01,6.521739130434782705e-01,9.090909090909091161e-02,0.000000000000000000e+00
2.342556782200187371e+00,3.333333333333333148e-01,6.956521739130434590e-01,9.090909090909091161e-02,0.000000000000000000e+00
2.261308636966786079e+00,3.333333333333333148e-01,7.391304347826086474e-01,9.090909090909091161e-02,0.000000000000000000e+00
6.405936746045348684e-01,3.333333333333333148e-01,7.826086956521739468e-01,9.090909090909091161e-02,0.000000000000000000e+00
1.570477078310918984e+00,3.333333333333333148e-01,8.260869565217391353e-01,9.090909090909091161e-02,0.000000000000000000e+00
2.278195775166734549e+00,3.333333333333333148e-01,8.695652173913043237e-01,9.090909090909091161e-02,0.000000000000000000e+00
3.065936961919227599e+00,3.333333333333333148e-01,9.130434782608695121e-01,9.090909090909091161e-02,0.000000000000000000e+00
4.335559468492508728e+00,3.333333333333333148e-01,9.565217391304348116e-01,9.090909090909091161e-02,0.000000000000000000e+00
6.140307774511609473e+00,3.333333333333333148e-01,1.000000000000000000e+00,9.090909090909091161e-02,0.000000000000000000e+00
6.659735379447864645e+00,5.000000000000000000e-01,0.000000000000000000e+00,9.090909090909091161e-02,0.000000000000000000e+00
6.943047146058183294e+00,5.000000000000000000e-01,4.347826086956521618e-02,9.090909090909091161e-02,0.000000000000000000e+00
7.967809052422896166e+00,5.000000000000000000e-01,8.695652173913043237e-02,9.090909090909091161e-02,0.000000000000000000e+00
7.648817271481501479e+00,5.000000000000000000e-01,1.304347826086956486e-01,9.090909090909091161e-02,0.000000000000000000e+00
9.496676134304694372e+00,5.000000000000000000e-01,1.739130434782608647e-01,9.090909090909091161e-02,0.000000000000000000e+00
1.004774138590497579e+01,5.000000000000000000e-01,2.173913043478260809e-01,9.090909090909091161e-02,0.000000000000000000e+00
8.776431359571041924e+00,5.000000000000000000e-01,2.608695652173912971e-01,9.090909090909091161e-02,0.000000000000000000e+00
8.242495639201683488e+00,5.000000000000000000e-01,3.043478260869565410e-01,9.090909090909091161e-02,0.000000000000000000e+00
7.359161685082856508e+00,5.000000000000000000e-01,3.478260869565217295e-01,9.090909090909091161e-02,0.000000000000000000e+00
6.830342186474850585e+00,5.000000000000000000e-01,3.913043478260869734e-01,9.090909090909091161e-02,0.000000000000000000e+00
6.241891887361313174e+00,5.000000000000000000e-01,4.347826086956521618e-01,9.090909090909091161e-02,0.000000000000000000e+00
7.593154211990795766e+00,5.000000000000000000e-01,4.782608695652174058e-01,9.090909090909091161e-02,0.000000000000000000e+00
4.466176091530824621e+00,5.000000000000000000e-01,5.217391304347825942e-01,9.090909090909091161e-02,0.000000000000000000e+00
1.706601474722840850e+00,5.000000000000000000e-01,5.652173913043477826e-01,9.090909090909091161e-02,0.000000000000000000e+00
8.532530811696481532e-02,5.000000000000000000e-01,6.086956521739130821e-01,9.090909090909091161e-02,0.000000000000000000e+00
-8.177386757141997808e-01,5.000000000000000000e-01,6.521739130434782705e-01,9.090909090909091161e-02,0.000000000000000000e+00
-2.893062086332479410e+00,5.000000000000000000e-01,6.956521739130434590e-01,9.090909090909091161e-02,0.000000000000000000e+00
-1.995292703393779288e+00,5.000000000000000000e-01,7.391304347826086474e-01,9.090909090909091161e-02,0.000000000000000000e+00
-2.848022416679664381e+00,5.000000000000000000e-01,7.826086956521739468e-01,9.090909090909091161e-02,0.000000000000000000e+00
-2.450432261701168901e+00,5.000000000000000000e-01,8.260869565217391353e-01,9.090909090909091161e-02,0.000000000000000000e+00
-1.875875167502961904e+00,5.000000000000000000e-01,8.695652173913043237e-01,9.090909090909091161e-02,0.000000000000000000e+00
-7.756117418009309539e-01,5.000000000000000000e-01,9.130434782608695121e-01,9.090909090909091161e-02,0.000000000000000000e+00
-7.274530752106822540e-01,5.000000000000000000e-01,9.565217391304348116e-01,9.090909090909091161e-02,0.000000000000000000e+00
-2.829353681885407035e-01,5.000000000000000000e-01,1.000000000000000000e+00,9.090909090909091161e-02,0.000000000000000000e+00
1.189601703305582125e+00,6.666666666666666297e-01,0.000000000000000000e+00,9.090909090909091161e-02,0.000000000000000000e+00
3.091752894879799207e+00,6.666666666666666297e-01,4.347826086956521618e-02,9.090909090909091161e-02,0.000000000000000000e+00
2.392307015911860013e+00,6.666666666666666297e-01,8.695652173913043237e-02,9.090909090909091161e-02,0.000000000000000000e+00
3.938476177804823841e+00,6.666666666666666297e-01,1.304347826086956486e-01,9.090909090909091161e-02,0.000000000000000000e+00
3.919360960685269291e+00,6.666666666666666297e-01,1.739130434782608647e-01,9.090909090909091161e-02,0.000000000000000000e+00
2.613829032814196651e+00,6.666666666666666297e-01,2.173913043478260809e-01,9.090909090909091161e-02,0.000000000000000000e+00
2.617319400886524150e+00,6.666666666666666297e-01,2.608695652173912971e-01,9.090909090909091161e-02,0.000000000000000000e+00
1.387401616358322265e+00,6.666666666666666297e-01,3.043478260869565410e-01,9.090909090909091161e-02,0.000000000000000000e+00
2.243181789592269659e+00,6.666666666666666297e-01,3.478260869565217295e-01,9.090909090909091161e-02,0.000000000000000000e+00
7.228544386162585322e-01,6.666666666666666297e-01,3.913043478260869734e-01,9.090909090909091161e-02,0.000000000000000000e+00
2.823480576418268551e-01,6.666666666666666297e-01,4.347826086956521618e-01,9.090909090909091161e-02,0.000000000000000000e+00
-1.196773899654225426e+00,6.666666666666666297e-01,4.782608695652174058e-01,9.090909090909091161e-02,0.000000000000000000e+00
-3.076826426578695539e+00,6.666666666666666297e-01,5.217391304347825942e-01,9.090909090909091161e-02,0.000000000000000000e+00
-2.951481274036262814e+00,6.666666666666666297e-01,5.652173913043477826e-01,9.090909090909091161e-02,0.000000000000000000e+00
-4.824710782986336710e+00,6.666666666666666297e-01,6.086956521739130821e-01,9.090909090909091161e-02,0.000000000000000000e+00
-5.189940560284047599e+00,6.666666666666666297e-01,6.521739130434782705e-01,9.090909090909091161e-02,0.000000000000000000e+00
-6.654861339993296099e+00,6.666666666666666297e-01,6.956521739130434590e-01,9.090909090909091161e-02,0.000000000000000000e+00
-7.678915317729472889e+00,6.666666666666666297e-01,7.391304347826086474e-01,9.090909090909091161e-02,0.000000000000000000e+00
-7.903266405270271910e+00,6.666666666666666297e-01,7.826086956521739468e-01,9.090909090909091161e-02,0.000000000000000000e+00
-7.109186988840499488e+00,6.666666666666666297e-01,8.260869565217391353e-01,9.090909090909091161e-02,0.000000000000000000e+00
-6.916562528135315802e+00,6.666666666666666297e-01,8.695652173913043237e-01,9.090909090909091161e-02,0.000000000000000000e+00
-8.482905074656873268e+00,6.666666666666666297e-01,9.130434782608695121e-01,9.090909090909091161e-02,0.000000000000000000e+00
-6.285500091630471076e+00,6.666666666666666297e-01,9.565217391304348116e-01,9.090909090909091161e-02,0.000000000000000000e+00
-4.698164489426824630e+00,6.666666666666666297e-01,1.000000000000000000e+00,9.090909090909091161e-02,0.000000000000000000e+00
-5.324348208280351713e+00,8.333333333333333703e-01,0.000000000000000000e+00,9.090909090909091161e-02,0.000000000000000000e+00
-3.658465730996049547e+00,8.333333333333333703e-01,4.347826086956521618e-02,9.090909090909091161e-02,0.000000000000000000e+00
-1.999217504187698502e+00,8.333333333333333703e-01,8.695652173913043237e-02,9.090909090909091161e-02,0.000000000000000000e+00
-3.516007207991779238e-01,8.333333333333333703e-01,1.304347826086956486e-01,9.090909090909091161e-02,0.000000000000000000e+00
1.675595562736427846e+00,8.333333333333333703e-01,1.739130434782608647e-01,9.090909090909091161e-02,0.000000000000000000e+00
7.382012427706664548e-01,8.333333333333333703e-01,2.173913043478260809e-01,9.090909090909091161e-02,0.000000000000000000e+00
9.705368315085736164e-01,8.333333333333333703e-01,2.608695652173912971e-01,9.090909090909091161e-02,0.000000000000000000e+00
2.270586658114947198e+00,8.333333333333333703e-01,3.043478260869565410e-01,9.090909090909091161e-02,0.000000000000000000e+00
1.535490737186843369e+00,8.333333333333333703e-01,3.478260869565217295e-01,9.090909090909091161e-02,0.000000000000000000e+00
5.870284221935543334e-01,8.333333333333333703e-01,3.913043478260869734e-01,9.090909090909091161e-02,0.000000000000000000e+00
5.732187612680772482e-01,8.333333333333333703e-01,4.347826086956521618e-01,9.090909090909091161e-02,0.000000000000000000e+00
-8.287506786021223704e-01,8.333333333333333703e-01,4.782608695652174058e-01,9.090909090909091161e-02,0.000000000000000000e+00
-1.147903302255089297e+00,8.333333333333333703e-01,5.217391304347825942e-01,9.090909090909091161e-02,0.000000000000000000e+00
-2.520264697008190780e+00,8.333333333333333703e-01,5.652173913043477826e-01,9.090909090909091161e-02,0.000000000000000000e+00
-4.598904252211400312e+00,8.333333333333333703e-01,6.086956521739130821e-01,9.090909090909091161e-02,0.000000000000000000e+00
-6.072797365985944218e+00,8.333333333333333703e-01,6.521739130434782705e-01,9.090909090909091161e-02,0.000000000000000000e+00
-8.253156347117606373e+00,8.333333333333333703e-01,6.956521739130434590e-01,9.090909090909091161e-02,0.000000000000000000e+00
-7.781579629871632875e+00,8.333333333333333703e-01,7.391304347826086474e-01,9.090909090909091161e-02,0.000000000000000000e+00
-8.118258985777179859e+00,8.333333333333333703e-01,7.826086956521739468e-01,9.090909090909091161e-02,0.000000000000000000e+00
-8.640666597685937589e+00,8.333333333333333703e-01,8.260869565217391353e-01,9.090909090909091161e-02,0.000000000000000000e+00
-6.411653553403811046e+00,8.333333333333333703e-01,8.695652173913043237e-01,9.090909090909091161e-02,0.000000000000000000e+00
-6.092258080348430305e+00,8.333333333333333703e-01,9.130434782608695121e-01,9.090909090909091161e-02,0.000000000000000000e+00
-4.214800038811964633e+00,8.333333333333333703e-01,9.565217391304348116e-01,9.090909090909091161e-02,0.000000000000000000e+00
-1.706398397755239271e+00,8.333333333333333703e-01,1.000000000000000000e+00,9.090909090909091161e-02,0.000000000000000000e+00
-4.519144331769457956e-01,1.000000000000000000e+00,0.000000000000000000e+00,9.090909090909091161e-02,0.000000000000000000e+00
7.306493465095866835e-01,1.000000000000000000e+00,4.347826086956521618e-02,9.090909090909091161e-02,0.000000000000000000e+00
7.261906970274758510e-01,1.000000000000000000e+00,8.695652173913043237e-02,9.090909090909091161e-02,0.000000000000000000e+00
2.527124272169606556e+00,1.000000000000000000e+00,1.304347826086956486e-01,9.090909090909091161e-02,0.000000000000000000e+00
4.684553658555843825e+00,1.000000000000000000e+00,1.739130434782608647e-01,9.090909090909091161e-02,0.000000000000000000e+00
5.799200590710024805e+00,1.000000000000000000e+00,2.173913043478260809e-01,9.090909090909091161e-02,0.000000000000000000e+00
7.152404107641379127e+00,1.000000000000000000e+00,2.608695652173912971e-01,9.090909090909091161e-02,0.000000000000000000e+00
6.216236449420891041e+00,1.000000000000000000e+00,3.043478260869565410e-01,9.090909090909091161e-02,0.000000000000000000e+00
7.382011581606866102e+00,1.000000000000000000e+00,3.478260869565217295e-01,9.090909090909091161e-02,0.000000000000000000e+00
5.522619270873227570e+00,1.000000000000000000e+00,3.913043478260869734e-01,9.090909090909091161e-02,0.000000000000000000e+00
4.794336372296147175e+00,1.000000000000000000e+00,4.347826086956521618e-01,9.090909090909091161e-02,0.000000000000000000e+00
4.069641495812967413e+00,1.000000000000000000e+00,4.782608695652174058e-01,9.090909090909091161e-02,0.000000000000000000e+00
7.601470450632707987e-01,1.000000000000000000e+00,5.217391304347825942e-01,9.090909090909091161e-02,0.000000000000000000e+00
5.656136435443803734e-01,1.000000000000000000e+00,5.652173913043477826e-01,9.090909090909091161e-02,0.000000000000000000e+00
-2.252844973826080288e-01,1.000000000000000000e+00,6.086956521739130821e-01,9.090909090909091161e-02,0.000000000000000000e+00
-4.318825598904444396e-01,1.000000000000000000e+00,6.521739130434782705e-01,9.090909090909091161e-02,0.000000000000000000e+00
-1.023621488398110735e+00,1.000000000000000000e+00,6.956521739130434590e-01,9.090909090909091161e-02,0.000000000000000000e+00
-1.820880444096399486e+00,1.000000000000000000e+00,7.391304347826086474e-01,9.090909090909091161e-02,0.000000000000000000e+00
-2.209439283509712748e+00,1.000000000000000000e+00,7.826086956521739468e-01,9.090909090909091161e-02,0.000000000000000000e+00
-1.112109524062738997e+00,1.000000000000000000e+00,8.260869565217391353e-01,9.090909090909091161e-02,0.000000000000000000e+00
-3.620626779735052203e-01,1.000000000000000000e+00,8.695652173913043237e-01,9.090909090909091161e-02,0.000000000000000000e+00
1.737466996075254677e+00,1.000000000000000000e+00,9.130434782608695121e-01,9.090909090909091161e-02,0.000000000000000000e+00
4.092311026275707420e+00,1.000000000000000000e+00,9.565217391304348116e-01,9.090909090909091161e-02,0.000000000000000000e+00
6.636821110636619281e+00,1.000000000000000000e+00,1.000000000000000000e+00,9.090909090909091161e-02,0.000000000000000000e+00
8.146902010654718751e+00,0.000000000000000000e+00,0.000000000000000000e+00,9.090909090909091161e-02,0.000000000000000000e+00
9.984287097653144372e+00,0.000000000000000000e+00,4.347826086956521618e-02,9.090909090909091161e-02,0.000000000000000000e+00
